asset_id,source_id,relative_path,media_type,byte_size,sha256,format_hint
decdbbd72a4bec3fbe42dac2427eebcdb2f0930efea5c67df67dca02e7f5df98,usgs_arra_2013,CI.CCC/CI.CCC/CI.CCC.pdf,site_report,852636,a8428a5ac6e28d2f50e9e75a253a043bd7678d46b5149c2356756284878e067e,
fdf4980f182ad0cc31e1952f3c9f568647dae31a3c10a2df27a78afc8ce58b5a,usgs_arra_2013,CI.CCC/CI.CCC/CI_CCC_Raw_Data/CCC_HVSR/20110616171108.Q289.txt,ambient_noise_waveform,14137906,22f9997c37399ac18d5214e3c7e20eb3406439ffaf993eb6ef1d1109d7629822,ascii_3c
e976b62edfa96e5346c030ff82d67f4c70c5b7fde04ee18a7f3574058f96e9ea,usgs_arra_2013,CI.CCC/CI.CCC/CI_CCC_Raw_Data/CCC_HVSR/20110616171609.Q288.txt,ambient_noise_waveform,14639381,e0f7b2a557864d0e3c6b6e1c2c2f1e804a20b412d02e6a5aab44f5f98a178e6c,ascii_3c
9301d05ce6600cf9d789ed1650e296a2dc0a2978eea18aa056571b774369db15,usgs_arra_2013,CI.CCC/CI.CCC/CI_CCC_Raw_Data/CCC_HVSR/20110616172011.Q292.txt,ambient_noise_waveform,14853777,434cd4165b3a9359acef197746fae60e0a37a21643c7e7a2bcdbcf55b00119f0,ascii_3c
fb6f1963ae430c19d260d9bd3265ceb3133fa836c5dc3e7651f64d4c2e75e619,usgs_arra_2013,CI.CCC/CI.CCC/CI_CCC_Raw_Data/CCC_HVSR/20110616181108.Q289.txt,ambient_noise_waveform,8232960,575f9bd09772bd41e72fab3611ac6a147e579779dd909328605817fc8396bb88,ascii_3c
d823fea14a16955c5fa9dde7ac01e7331fdc426e2ff95330edc694c50ee68e4b,usgs_arra_2013,CI.CCC/CI.CCC/CI_CCC_Raw_Data/CCC_HVSR/20110616181609.Q288.txt,ambient_noise_waveform,6032032,63d9d52fd9356a48a5a4133cc80cc3a6a37f5c1e529988152c5270c7d3435659,ascii_3c
1c93ebd2031c9b079d061d99d93e828f9469693155553ad283c17107e94e2883,usgs_arra_2013,CI.CCC/CI.CCC/CI_CCC_Raw_Data/CCC_HVSR/20110616182012.Q292.txt,ambient_noise_waveform,5691454,c5ecd2a8684a5f7f4381e10f47b596f380ebf3a425aa742dbcf92f99e7c08ef1,ascii_3c
b73b5fa66919feff75c42c118844e16c43983c2c04113f6d775127ebcc0426ae,usgs_arra_2013,CI.CCC/CI.CCC/CI_CCC_Raw_Data/CCC_MASW/1001.dat,surface_wave_survey,1600640,d1412e1455a7f7a8a121aab2d0a776d866a6892553340deb27bd570939d65569,seg2
0bbefcc3bb8f5c98c1595b7501dac8ec0749f8617c6111d1f7acd03f86a6a35e,usgs_arra_2013,CI.CCC/CI.CCC/CI_CCC_Raw_Data/CCC_MASW/1002.dat,surface_wave_survey,1600488,44266e7a67c1f407550bd12c32cb8e9af9475cd2fa0b2c1ba1535d491c8fee18,seg2
be5ccd72786e3f56ae1ae5e345e3ad381e3b09f6e9475856ac76d97679872193,usgs_arra_2013,CI.CCC/CI.CCC/CI_CCC_Raw_Data/CCC_MASW/1003.dat,surface_wave_survey,1600496,2f7ba5a25f7c57c0c6b9258e1e8915bd48a745a9f73cc48d6b759c76dd38a827,seg2
5937b1d7af5634c45f7e9086f4d77fb6564edeb49bf8c5bfade1ef1b8b7a9671,usgs_arra_2013,CI.CCC/CI.CCC/CI_CCC_Raw_Data/CCC_MASW/1004.dat,surface_wave_survey,1600488,7e6a8022ad6ff2afeca576c1641006eed119998abf07caad683be57d604e3412,seg2
5ae9c013e4198f14283aeedbeea72ceeb9a8bfeef331b6ad40b6c67f29bd5fa2,usgs_arra_2013,CI.CCC/CI.CCC/CI_CCC_Raw_Data/CCC_MASW/1005.dat,surface_wave_survey,1600484,c71eb4d7e68c071e08d42d8535b7ab5a9bfa8a9ca352a379d6131b4cb5e7c91b,seg2
fe26aeaef873155d8c29d20da0e483730a1608754d02068b0f7be49a26186748,usgs_arra_2013,CI.CCC/CI.CCC/CI_CCC_Raw_Data/CCC_MASW/1006.dat,surface_wave_survey,1600640,535fbe5b01b422b3a39eca70fa0d866c2ae420f066134423d92957f99bde825c,seg2
97327891c9e5478e49bc217d60d9814c54d4598e552a65d12bf060912f7992c1,usgs_arra_2013,CI.CCC/CI.CCC/CI_CCC_Raw_Data/CCC_MASW/1007.dat,surface_wave_survey,1600640,ea7d8b849968e4b464be49ffd98ff81da89dcad2132108efb795e1d73d63f5f8,seg2
e445b9e08da5bebfcfbf3f98dba3d65e1871dac4de6b83329b425b8a9a42ee59,usgs_arra_2013,CI.CCC/CI.CCC/CI_CCC_Raw_Data/CCC_MASW/1008.dat,surface_wave_survey,1600640,af53685f24c230fd89dafdca9327979adab5c4745a320f8e0ac9509949c01b18,seg2
85b3f50fb764e8d20ab04c5343e4fc3b7d34bab305a9386cbb84d06a80aba2f5,usgs_arra_2013,CI.CCC/CI.CCC/CI_CCC_Raw_Data/CCC_MASW/1009.dat,surface_wave_survey,1600496,df16b1f83c538de973b75d7c2e3b6ca223f28097f9a692518c1e06c63c48d52c,seg2
c4956d00012bf24be13e9f26462529066a52e735c61bba23abe6d638bc1ad183,usgs_arra_2013,CI.CCC/CI.CCC/CI_CCC_Raw_Data/CCC_MASW/1010.dat,surface_wave_survey,1600484,6605880cd88dfdcc620f3e5c933282ed6016bcae5a2c568f792089b60e97ebcb,seg2
2f41e491df0f9f51388ca6688476b01723ffa0762835becfe911c525fa6b750e,usgs_arra_2013,CI.CCC/CI.CCC/CI_CCC_Raw_Data/CCC_MASW/1011.dat,surface_wave_survey,1600484,100212685da570a7381c39fab0b9d5954f0d0c43a2b18a9af985ff0c54ceedd2,seg2
d124ecd39fd5e418c316cfcea693880433a13f871a69d14f235bdeb765ada476,usgs_arra_2013,CI.CCC/CI.CCC/CI_CCC_Raw_Data/CCC_MASW/1012.dat,surface_wave_survey,1600564,e723fd176d559685defc7ad086e42c6871a710a0b899fb60eab7c50b090c9cc0,seg2
979e37ac1bea30243393c19c6302b5a4a91d767947ffd1b880ae171c0fc73855,usgs_arra_2013,CI.CCC/CI.CCC/CI_CCC_Raw_Data/CCC_MASW/1013.dat,surface_wave_survey,1600576,d5c42df7092f9b64d5bb4c4d8bf979371c765b932c7a052d5115afde375773f4,seg2
d9a9f1c3d9e48e0ca44ec2db2fa723f1aa882ca86d74d682222bfdf044a15e05,usgs_arra_2013,CI.CCC/CI.CCC/CI_CCC_Raw_Data/CCC_MASW/1014.dat,surface_wave_survey,1600484,c3d5700ab1fe79209680be4a382780535089b0747398fe6c0aa445304ea3bcc8,seg2
de6344cfe0472c7de57b72e824b76bd5a789aa8fa45ad16b5ea474f8cb215362,usgs_arra_2013,CI.CCC/CI.CCC/CI_CCC_Raw_Data/CCC_MASW/1015.dat,surface_wave_survey,1600484,d5929d5bf72882b29c6b7399223249a21d017e34f00d39afa1d57646fefd9632,seg2
6f47fd3b2f659ff3bae07f00c96a594aef436fb546f8970bf88363281a64e78a,usgs_arra_2013,CI.CCC/CI.CCC/CI_CCC_Raw_Data/CCC_MASW/1016.dat,surface_wave_survey,1600484,0ceffe6d9baf2790c4d12465baa982a0bf468dc75bde676912c9cb1ac228da82,seg2
796a027cfc859ce39f53650f97f628f21842be642a1f07000ed29e25517fcb54,usgs_arra_2013,CI.CCC/CI.CCC/CI_CCC_Raw_Data/CCC_MASW/1017.dat,surface_wave_survey,1600556,98d39e3f62fcf4406a932aff0aa06d2f42c69e58038a5930a0de04b5e2aedd2b,seg2
093573808a8a52b5e188b27c75d27bdf5f5abc54b19abbd559e65c7212d01a46,usgs_arra_2013,CI.CCC/CI.CCC/CI_CCC_Raw_Data/CCC_MASW/1018.dat,surface_wave_survey,1600492,4b27f2a284c48c83e0be60bfaacee3331febbee3272022d29386de915cdf0185,seg2
759cf4b88a4ea18cba18adbad9e531e585bbf10455d22282c7c1ea8f53adead9,usgs_arra_2013,CI.CCC/CI.CCC/CI_CCC_Raw_Data/CCC_MASW/1019.dat,surface_wave_survey,1600564,88c45f79fe79e82908ff5b4a01961a0579261fd4eb6e3883c3f7a8899bbe7a6e,seg2
5e822ac94c026ce5db9fb1068c923a8b58e4cc42af35fe1ea6d3c801e9ed0832,usgs_arra_2013,CI.CCC/CI.CCC/CI_CCC_Raw_Data/CCC_MASW/1020.dat,surface_wave_survey,1600504,32c3122d4b779d690a7d4ec29fc50a12eff89dd3b179f7b0f19a1f6f05c0cbde,seg2
c50a561398be71d072858527d8a99c487b7bf9347e53f38e4c309b3223c7a72e,usgs_arra_2013,CI.CCC/CI.CCC/CI_CCC_Raw_Data/CCC_MASW/1021.dat,surface_wave_survey,1600512,a2eab5713eeaf0969b2aa1d26948ba32803a481883465dde084d5c05228771b9,seg2
1dad90d983e6ab0ba9482c5923ea3345a998a638a096d444f4c593e603978edb,usgs_arra_2013,CI.CCC/CI.CCC/CI_CCC_Raw_Data/CCC_Photos/Thumbs.db,unknown,21504,acf09fd2aebd48a335688a9ac9c7f6eefb47a748485a3c77ac66b05c710472f0,
f0c9fa0d49a928cafd6f38daf17199353a3c7e9e937ddaaa5dfd3b84ab9f09db,usgs_arra_2013,CI.CCC/CI.CCC/CI_CCC_Raw_Data/CCC_Photos/USGS 001.jpg,image,1590797,1015738c65cc2b2b69e9a14c5793ccbb13ddf48e622f98474f68733a07bdf3e8,
a11bbdd08cb53cdea4c3b9497c307d65415f32b1a0dd9aa5def7d0524df7e9f2,usgs_arra_2013,CI.CCC/CI.CCC/CI_CCC_Raw_Data/CCC_Photos/USGS 002.jpg,image,1542431,2e5436c04f2eac2108fc12f9dac7cb28eda99cda47b7bed75d45b3b4eed0f5a6,
a41e6555799af2cb409ff4e42f83a54e5ec9d1866e179d6596d92d8a7c37ce06,usgs_arra_2013,CI.CCC/CI.CCC/CI_CCC_Raw_Data/CCC_Photos/USGS 003.jpg,image,1440298,31a466b1e9f31b4efb99f7d5d2d3a78cec924095eb3be39ae610b17e536611e9,
a9b0ca794a53e66f30fa61b8ca393ce35f73d6a17542ad4e986c7c733b7a3cfe,usgs_arra_2013,CI.CCC/CI.CCC/CI_CCC_Raw_Data/CCC_Photos/USGS 004.jpg,image,1623128,b6209f059dda490ab8500e5a6c9da33cf2e2a62e1461661c89dd4e93ec4b2c09,
07130a87f441fae76e6948d844d09d88a4adfea844ed79ffa44314b8cce17c4d,usgs_arra_2013,CI.CCC/CI.CCC/CI_CCC_Raw_Data/CCC_Photos/USGS 005.jpg,image,1628860,d7155be3ca2106c7e78b45c5e76cb3c15d0aded98194efb5aad5919c817d4a15,
5ed862cebcef94edecc5f77ede9f9e2effbd4ba78a34567989809d2b17a5a197,usgs_arra_2013,CI.CCC/CI.CCC/CI_CCC_Raw_Data/CI-CCC Locations.xls,site_metadata,19456,d7672d608b72681d0448e6835b66f4bc3b3d979ef08252c09d61a8df45874251,
19788c9a9921102f805015e5914cbdf001edb29db98992393b60e42e497d8f23,usgs_arra_2013,CI.CCC/CI.CCC/CI_CCC_Raw_Data/CI_CCC_Forms.pdf,field_note,572377,d2faa8b7c95b57f2fc2d67935dbc83f0c85f831dc48d471ac540109a122fdf20,
b51615fccf88558cb372216010fc3de338882955267a60e0d9993d4645e33f9f,usgs_arra_2013,CI.CCC/CI.CCC/CI_CCC_Raw_Data/FILE FORMATS.docx,site_metadata,12911,9b2d6e024680bd7d41fd87b0b42dd28e475e360336d0cf6177877940511bc183,
388bae332152da7c65be10ba17756b8fb441e5d941f00094d87b37ba338c8476,usgs_arra_2013,CI.CLC/CI.CLC/CI.CLC.pdf,site_report,864712,bc2cf489ec8fa6b7e5029b5fa4dfd5b47c471272bc6db71310382608f97d7124,
0b2f54efbfaffd189d810e66244c0e25fae757dbd120ef41a1b3d0609a2c0701,usgs_arra_2013,CI.CLC/CI.CLC/CI_CLC_Raw_Data/CI-CLC Locations.xlsx,site_metadata,10317,dba672bdd0f775f13b863b7f80bf1a6a718afe316a4a872f854483d8172f51e4,
79aee596e44346c821f501b0d2a4f2f875c92b7bccaf9e35917ef7880f0964ac,usgs_arra_2013,CI.CLC/CI.CLC/CI_CLC_Raw_Data/CI_CLC_Forms.pdf,field_note,919598,159248b8199e3b9cc09d031ca063ad12084f89a6157f9cdd64a0bbbccab9034c,
9a46bd0f4423cc0e052dc83e1ff00899ac31c5af5d4f9f4bb0085c17502bdfca,usgs_arra_2013,CI.CLC/CI.CLC/CI_CLC_Raw_Data/CLC_HVSR/20110523214510.Q288.txt,ambient_noise_waveform,15160824,198f42861621b687419693ba92cbfa448b394747ae2b1549ba57bd6329b37a68,ascii_3c
c82430e7596b884fd2921a852767e2a583419184ea8f3d62cf932dcef0eb1964,usgs_arra_2013,CI.CLC/CI.CLC/CI_CLC_Raw_Data/CLC_HVSR/20110523214704.Q289.txt,ambient_noise_waveform,14641111,e3d57425240bce50214eeeaa7bcc0154f773afdac5ef3ed07bebfd7894dc948d,ascii_3c
412b561f52d9aef5f5f5af832f249457bf046089ca3fd693f355a16017731e6a,usgs_arra_2013,CI.CLC/CI.CLC/CI_CLC_Raw_Data/CLC_HVSR/20110523215402.Q292.txt,ambient_noise_waveform,13719613,3d82c151511bc8c4ec3cac50292ece42bea46f6750d1e3e5ca5a612903d4cf40,ascii_3c
5a5a04079723fa6c99624a52b745f6e43786de58712604c9789500ed45c25382,usgs_arra_2013,CI.CLC/CI.CLC/CI_CLC_Raw_Data/CLC_HVSR/20110523224510.Q288.txt,ambient_noise_waveform,10276835,e6f9100902aa9164479ea80c365a34742886f4095f2c0db263e4295008e6a2f8,ascii_3c
e47a6e45d49141c707fdb780429d5eaf181e02c41c954f16601e793619823262,usgs_arra_2013,CI.CLC/CI.CLC/CI_CLC_Raw_Data/CLC_HVSR/20110523224704.Q289.txt,ambient_noise_waveform,9125888,76690807be23b2e222387571e8d73b6dfaec1eb72aad1d8e3d4e557854254ae6,ascii_3c
eacdba898b2a99c4d6f8c848736b9ac4ba98c650232d7bddfa4a21722eb242cc,usgs_arra_2013,CI.CLC/CI.CLC/CI_CLC_Raw_Data/CLC_HVSR/20110523225402.Q292.txt,ambient_noise_waveform,6788246,ee9eef347ba2d416250140322cf8583549226b32be2c750cb32198a8a8041f41,ascii_3c
7feba1c1fae3112ac87189b34a43ce82468574965d624f60a67410134376bd42,usgs_arra_2013,CI.CLC/CI.CLC/CI_CLC_Raw_Data/CLC_MASWSR/1001.dat,surface_wave_survey,1600640,8f048a058533df615fa519afca37d8d9c21577ee2265a5a1fa42c82a5c1363d4,seg2
15b2b6860490ca448d6fd4263fe1413cfb43b1cda87e99390eba3366c6e2e25d,usgs_arra_2013,CI.CLC/CI.CLC/CI_CLC_Raw_Data/CLC_MASWSR/1002.dat,surface_wave_survey,1600640,87d43b4ba5d9e450519f0bd52ee33237e3afa49bf75b26c474a8b62a246e02be,seg2
42435ed931e2ebcec60166fb387a93c2cf4e501fedcc7ff91118a4322bce146d,usgs_arra_2013,CI.CLC/CI.CLC/CI_CLC_Raw_Data/CLC_MASWSR/1003.dat,surface_wave_survey,1600640,61dfd73e168954616beeba474d8a3794de413f008779ec03a99d26050774dfc6,seg2
d0370717a43c37f7611b2a8fb39e469c0dfe25a76decdd079f68ca01cbb0013f,usgs_arra_2013,CI.CLC/CI.CLC/CI_CLC_Raw_Data/CLC_MASWSR/1004.dat,surface_wave_survey,1600484,62f08b6b62ae93f260195236f72303cc8379edfc5fd862d29e7767b3b8b8c07f,seg2
f50ea3c1af1dad9db2169a4409b0d4c49ab7e9832620c47650316cae802a8d65,usgs_arra_2013,CI.CLC/CI.CLC/CI_CLC_Raw_Data/CLC_MASWSR/1005.dat,surface_wave_survey,1600484,8532d615225b1a9b35d25b68063002c3bd21de64acaeecd7b9fac9fb302bae53,seg2
033a8b40e8aa268f5428d2bee17721196d0025cef9e3f97863ab43ac2699e27c,usgs_arra_2013,CI.CLC/CI.CLC/CI_CLC_Raw_Data/CLC_MASWSR/1006.dat,surface_wave_survey,1600640,803910c0c6227cc474829162e30614c1cf05d0de8419a19c8feeec3d8877ec6c,seg2
ad0894bfe3608650231fdaf410bab164ff92b6bb46f88f23a252028a93cc309b,usgs_arra_2013,CI.CLC/CI.CLC/CI_CLC_Raw_Data/CLC_MASWSR/1007.dat,surface_wave_survey,1600484,8af972e6c29102161898b9d57bac915a9d890d7437a19fb478df843fb84285a2,seg2
ffb1dd63174934dd7f53779ad629f7848e81ff76d2078b01f8501f17a634af6e,usgs_arra_2013,CI.CLC/CI.CLC/CI_CLC_Raw_Data/CLC_MASWSR/1008.dat,surface_wave_survey,1600484,c34275aef35caf877a99906d0f827f0f2d0af67bc05663a9db6f8ba69651b6aa,seg2
f05d56650a1bf00cbc68745d9fbd1818f63e4931ff8caa0d3cf5138a7d21fb2d,usgs_arra_2013,CI.CLC/CI.CLC/CI_CLC_Raw_Data/CLC_MASWSR/1009.dat,surface_wave_survey,1600484,7dc8f62141fd6a06d1cc42d030e98560149ed8e67022f8f5c2f33b3e09f468fc,seg2
bef00df0fcaed0efe11b66a637bebe527111ef6c571d329e7a3fa55f41ac34fd,usgs_arra_2013,CI.CLC/CI.CLC/CI_CLC_Raw_Data/CLC_MASWSR/1010.dat,surface_wave_survey,1600484,94f463c3d97b421c510adeedda193b6ba11b9c400dc929a8ac609052fdb40cb8,seg2
17e45acaab3eb64fd63f43f4e20ec75d601a9e452bf5574c49e7f7a138bed52e,usgs_arra_2013,CI.CLC/CI.CLC/CI_CLC_Raw_Data/CLC_MASWSR/1011.dat,surface_wave_survey,1600640,947dd7237951e8aef2f991bc18d5a9cc62616299604b99883e409577b9af3613,seg2
d82052dac4e0df2b19623fc21202b1670907979b8e6d195e1bba2a9313b96c1f,usgs_arra_2013,CI.CLC/CI.CLC/CI_CLC_Raw_Data/CLC_MASWSR/1012.dat,surface_wave_survey,1600564,fdfb77d41d77b84bf9b779686be8037607f8c098d8ff44c4d404fa8e5a63d4bc,seg2
044cddd75ca844cc90ef749ed0308d912fb4dca52d3c8455bd5a58e80f1d4205,usgs_arra_2013,CI.CLC/CI.CLC/CI_CLC_Raw_Data/CLC_MASWSR/1013.dat,surface_wave_survey,1600564,46c26c9c1780007b2ad4d01eede8ce37167401057a787984af4871a297f586d0,seg2
01444c6067fa5e12032918da1a37213841861aca38e62cb32945bc68bcbca77b,usgs_arra_2013,CI.CLC/CI.CLC/CI_CLC_Raw_Data/CLC_MASWSR/1014.dat,surface_wave_survey,1600484,98e31977db363c797f642ed88cc6e40ed95f0031a3cd1e2451e869552b6dcd91,seg2
c6d1fa39344e94a30b0319a2d17b979700e2661d9d3a5cf832a7f250d288f0fb,usgs_arra_2013,CI.CLC/CI.CLC/CI_CLC_Raw_Data/CLC_MASWSR/1015.dat,surface_wave_survey,1600460,34621109ceb690e4a75abcf20fba0fe2a4260317cd5019ee2b4887da3d91a3ea,seg2
f4c1ee940e94f74a15115c420333bf8e691650a1e9713279cf8727d91f2af4ba,usgs_arra_2013,CI.CLC/CI.CLC/CI_CLC_Raw_Data/CLC_MASWSR/1016.dat,surface_wave_survey,1600456,ea24ee6896e663d6c982d3daac927b6677bf4c6dcd2367c683c3329ed015ce96,seg2
27f0c1f60bd7c84a9b30662dfb545d80acd214a4e6b4d6645cca9280c37c82a7,usgs_arra_2013,CI.CLC/CI.CLC/CI_CLC_Raw_Data/CLC_MASWSR/1017.dat,surface_wave_survey,1600484,1756fc414ff95a77d85ab924d26069712d26bd2924b4627329f2f410eab0c0e5,seg2
3a626b49ddccbc1e615c7c2739aa4b26e7485fc90c9bb7598c20dc85d6de3e28,usgs_arra_2013,CI.CLC/CI.CLC/CI_CLC_Raw_Data/CLC_MASWSR/1018.dat,surface_wave_survey,1600484,dd04bc90823e08b400c3e13a4d5913d556f25edbec7fe96742f1513f8d3b2e8c,seg2
f74e978b345709eeb23cb5ab68c26d1e4e1d9e98bbcee563bb54f16f480be840,usgs_arra_2013,CI.CLC/CI.CLC/CI_CLC_Raw_Data/CLC_MASWSR/1019.dat,surface_wave_survey,1600484,282704c54bb45f3647287a7777be574da58ce4ef3d9426297797e175d2cb768c,seg2
7ed6b8c353f10c25308ec27bec55588d5d25ed171251ee8959ac5df67014f904,usgs_arra_2013,CI.CLC/CI.CLC/CI_CLC_Raw_Data/CLC_MASWSR/1020.dat,surface_wave_survey,1600484,01d1b996c2cd1c348932fcefbf0358808c5cd6b47751e606040391526b3a57f1,seg2
6b7ba6e5761bb4637216480398a1d99e34b30cd8924ca4e605bbe3132e8ecc49,usgs_arra_2013,CI.CLC/CI.CLC/CI_CLC_Raw_Data/CLC_MASWSR/1021.dat,surface_wave_survey,1600484,2fdc4c4e0f97e0882c1cfbc882ddd98f33f29040ca3a171dc47812549be54a45,seg2
fa34cb66182e8b4b22fc680f5fc562bdce62c4ba101a24a2bfd5f0baf6bd3aae,usgs_arra_2013,CI.CLC/CI.CLC/CI_CLC_Raw_Data/CLC_MASWSR/1022.dat,surface_wave_survey,1600484,b36b48ab693cff6445591668ecb170e7dca74d97f76e0fd1192137de4e974b59,seg2
3e627e4d968ba40a5716f72f0f183b8b749bfaf11c6868c0260005b014b42dec,usgs_arra_2013,CI.CLC/CI.CLC/CI_CLC_Raw_Data/CLC_MASWSR/1023.dat,surface_wave_survey,1600484,840d72ba90250b36f33fadc53085cbf7161fdea4c29ffbd52eba93b0eb6ba084,seg2
9afe883e4b67b53f2898e28a3e92d7113e8bf7b918d3dfd16b7d437fc4aff06d,usgs_arra_2013,CI.CLC/CI.CLC/CI_CLC_Raw_Data/CLC_MASWSR/1024.dat,surface_wave_survey,1600484,3f7153358d80dde1b444c972da221a24c607a83bb6961c7a3ea51e58104263f0,seg2
a3c63ea58216fac0a2678bab40e4f5c5eea58cce206c236bbc95d857f5361a3a,usgs_arra_2013,CI.CLC/CI.CLC/CI_CLC_Raw_Data/CLC_MASWSR/1025.dat,surface_wave_survey,1600484,d4a7a3cc3eebb724d85e30fb8e001d2465c554b884be0cc7385ae1be879458e3,seg2
ca6e218f30e20dd67249851638f862b6ab5ad8b9c1877ccc87b313b763b2a96c,usgs_arra_2013,CI.CLC/CI.CLC/CI_CLC_Raw_Data/CLC_MASWSR/1026.dat,surface_wave_survey,1600484,f9378606972645b71bd4d452bc8a01f6259ee7bebd38a779a63f3e4a843e65d3,seg2
a8a474e8fab4a58296c5f8004e1a76e208665f5562b3b5b208d92885a5f2480b,usgs_arra_2013,CI.CLC/CI.CLC/CI_CLC_Raw_Data/CLC_MASWSR/1027.dat,surface_wave_survey,1600484,5565ffc38174ad235c5ffa4ec7405b353f4023265ead7067a7bb2cde182552ab,seg2
d32ca355e896a51d3f47ceb0536b98c95364310eb2446d6b20c32319f0b86776,usgs_arra_2013,CI.CLC/CI.CLC/CI_CLC_Raw_Data/CLC_MASWSR/1028.dat,surface_wave_survey,1600484,fbd1e13dc77f21809cd44751ac088b29c4c724349c83cf020a85b46a85ad7abf,seg2
f99515a13028204254a1deaa9109df5d98a747f86a3fc1579a6f24f1cd4d30b8,usgs_arra_2013,CI.CLC/CI.CLC/CI_CLC_Raw_Data/CLC_MASWSR/1029.dat,surface_wave_survey,1600484,55ad5b040e9e4edf4605d9d46b0b0030e45c3d4136b753a2254431cb7a10cc4f,seg2
a21ac6572ab0745768df12655bfd4e6b454100d54a0acd761fdb4cba8f8de2fd,usgs_arra_2013,CI.CLC/CI.CLC/CI_CLC_Raw_Data/CLC_MASWSR/1030.dat,surface_wave_survey,1600484,813ebe6f1e7a07634163d1383182cb16709a6f9ac8e37f129c1cade2305bda31,seg2
c6d9c90fa2e4eebc1a630d8ccf604e812c22b0e2e781df5d65ae15e0b404f305,usgs_arra_2013,CI.CLC/CI.CLC/CI_CLC_Raw_Data/CLC_MASWSR/1031.dat,surface_wave_survey,1600484,8812d61576f6050b0c394c514d90502efa8d7de89978413474c6995b6224ef65,seg2
8105ddb2f83b1b3f923b4a6b7879699ca3ea20688ace2c92e13924ab343373f0,usgs_arra_2013,CI.CLC/CI.CLC/CI_CLC_Raw_Data/CLC_MASWSR/1032.dat,surface_wave_survey,1600484,84d3f8fd395c67e2449a96d744d6ecc6bd2416366da3e5f21f4a41fc5852de75,seg2
20c12c9e3221265410db02c68851046901d07dfe08aa271b1c84bfa8f5fafdd7,usgs_arra_2013,CI.CLC/CI.CLC/CI_CLC_Raw_Data/CLC_MASWSR/1033.dat,surface_wave_survey,1600484,b85d3a22a61bc0a71e97c62a7e665c7208801f65b0a40b0642cd2e38efaf07a7,seg2
5a0e1d2fe097a840d46a8734a3246a66cc43a20eb201dfe61643990d115e7712,usgs_arra_2013,CI.CLC/CI.CLC/CI_CLC_Raw_Data/CLC_MASWSR/2001.dat,surface_wave_survey,1600512,416114bf6d984f2b335a662b22f148ad825d0b36dc16382e90a3541a9ca1585f,seg2
7027bbbd7c587631c2f43a14d3a31322816ce1e3233299c85fc22d0cdec69b36,usgs_arra_2013,CI.CLC/CI.CLC/CI_CLC_Raw_Data/CLC_MASWSR/2002.dat,surface_wave_survey,1600504,908a79a16bcf3bf6a0f56c3970756244f963c3651202fbd51d3eb00b68b3cadd,seg2
889f1afd99de4bb98294c55a29549259ce44c6e9fea49fee365b459cf7cb2465,usgs_arra_2013,CI.CLC/CI.CLC/CI_CLC_Raw_Data/CLC_MASWSR/2003.dat,surface_wave_survey,1600640,62347fc6d0c035893f92e56d8bfe45a8a412452de8dfd8f1c58ca53f6d9e922a,seg2
36048deb7d9c29ce1de7cf04b1d83b97189779cc18ea4d777e6fd36096b05adf,usgs_arra_2013,CI.CLC/CI.CLC/CI_CLC_Raw_Data/CLC_MASWSR/2004.dat,surface_wave_survey,1600640,f6c8560724ec6bc31297331c0a5590f8af2921661ae596fe832d24dc0bf4adef,seg2
9c7878cb5078d3c7dd1bddef8b1cb21ca55688f5474b1c35869d90c1efdaf65b,usgs_arra_2013,CI.CLC/CI.CLC/CI_CLC_Raw_Data/CLC_MASWSR/2005.dat,surface_wave_survey,1600484,614670db123a1d00f1374c0bcc53cf609f9fa956b25d0c7f2ea2dc7f9e953df9,seg2
e08978236bdb1fee88fde1691e7a372b44a4b4cd7ea97ead1f7a92b6a0c5899d,usgs_arra_2013,CI.CLC/CI.CLC/CI_CLC_Raw_Data/CLC_MASWSR/2006.dat,surface_wave_survey,1600488,111768973370a4c9c95abd24052a5b62c31c0059797fa1f331ecd66ac70b07b3,seg2
377e7b6ae2faf4652464a2980da5f22aa26c82df84a33b7fe1f8bb74414773b2,usgs_arra_2013,CI.CLC/CI.CLC/CI_CLC_Raw_Data/CLC_MASWSR/2007.dat,surface_wave_survey,1600484,3333a436670c2352a5aa3ce086c4a9295002fd74dcedba12cd568e09a09cd1b7,seg2
ec4e4b01375e2a3339a1c3e059b7e0c20e08e80284bd4c2a01f5fe447627759d,usgs_arra_2013,CI.CLC/CI.CLC/CI_CLC_Raw_Data/CLC_MASWSR/2008.dat,surface_wave_survey,1600484,7bab9c30de5695b39ea605b665d539ff525d0fccc0d05d2b0b7818ce062763f3,seg2
4ad3e2454108a1091baf4d58154f620cd3aeb82034ce41c826c6438bb5b94b7b,usgs_arra_2013,CI.CLC/CI.CLC/CI_CLC_Raw_Data/CLC_MASWSR/2009.dat,surface_wave_survey,1600520,a7077f3df5f1bf54a4c99455c6974e6787251549d774132146263b45ac0bdedc,seg2
5e629d3a1638f8e2cb4aa355af62d3294a7fa1cd3515fc7db96bcd93c3710aa3,usgs_arra_2013,CI.CLC/CI.CLC/CI_CLC_Raw_Data/CLC_MASWSR/2010.dat,surface_wave_survey,1600512,eca2f5672b413805d2faf29626490f6b97dcf7491d99c14f471e6f3619cecc27,seg2
802abe37ab5689f5f6e45fa470c480fa414bf3032459d55be806e98bc361ef95,usgs_arra_2013,CI.CLC/CI.CLC/CI_CLC_Raw_Data/CLC_MASWSR/2011.dat,surface_wave_survey,1600484,83e33af990e7da39273cc891218e932dce972c9d2f19eeead212bc74081438c1,seg2
d8892c04fa7e65c815be974bae5d11e022f160271502e388cebbb5c06c3c187f,usgs_arra_2013,CI.CLC/CI.CLC/CI_CLC_Raw_Data/CLC_MASWSR/2012.dat,surface_wave_survey,1600484,ea5b644f3f4a58c069692a6b4e0fc700641332ab20e1413a19ef184bb587b4f9,seg2
dd85896ae34db37768ea8ec1f2ee5a720090e3093cf5cd6687433a8a1cba2c6e,usgs_arra_2013,CI.CLC/CI.CLC/CI_CLC_Raw_Data/CLC_MASWSR/2013.dat,surface_wave_survey,1600484,f8ffe54591f1fcc734c78e6460fc4ac028361bf053551e181b3102baa785872b,seg2
8c67b8fa84bed6ea388e682d240801f2a6d637d84028738515fc0eb8a25b338e,usgs_arra_2013,CI.CLC/CI.CLC/CI_CLC_Raw_Data/CLC_MASWSR/2014.dat,surface_wave_survey,1600484,f2e7ae298970c9244bc74c1ddddffa64bee7a560ea7de2134f6de255651c3635,seg2
2193350a6db2319b4a47fa7a8a735032e4f41ae503763a5afe69b424f5b8eff7,usgs_arra_2013,CI.CLC/CI.CLC/CI_CLC_Raw_Data/CLC_MASWSR/2015.dat,surface_wave_survey,1600484,82f1ff5fe2765d789cf2b8f97f19b954f3d8471f74176bde0e3cee5dab7620ee,seg2
3b84d775a011d102e21c8e458ad722eab77d118504eeb2db9d71b35fccb8a0d5,usgs_arra_2013,CI.CLC/CI.CLC/CI_CLC_Raw_Data/CLC_MASWSR/2016.dat,surface_wave_survey,1600484,897189bbcd6faba772cbcd0d173d35e4105f05e1525eccb644d19fcfb588bda4,seg2
f4ef41fc0f44890237a9805d264d5a355eadc0c9814fc4f8a5767be97bacb684,usgs_arra_2013,CI.CLC/CI.CLC/CI_CLC_Raw_Data/CLC_MASWSR/2017.dat,surface_wave_survey,1600484,48358ca12ee1adb82e9e03a44bd9ebe48d1d6c49dbc610888fc2fc93a31b0f03,seg2
54e9addfa2ae4220d54e73fb00fed33150e47b967041b1bb65fb397237cd9490,usgs_arra_2013,CI.CLC/CI.CLC/CI_CLC_Raw_Data/CLC_MASWSR/2018.dat,surface_wave_survey,1600484,e2ab9eaf4ef933817cd0fdf6d815e195d000037275aee2929f8fc973db79373c,seg2
8eb1bed9904d3cc428c49a8c993b0e3b772a41e02d82456fe153d79edfb7f1d3,usgs_arra_2013,CI.CLC/CI.CLC/CI_CLC_Raw_Data/CLC_MASWSR/2019.dat,surface_wave_survey,1600484,d98d6a552b3de4a3e1aea6609527e2eef8d5a22825df250fd8beac20a08b81c9,seg2
b1a684562c055fd5a5c4fd2e9600cf85bbd5dbc27f461e3cdd82e13e1ff80a0f,usgs_arra_2013,CI.CLC/CI.CLC/CI_CLC_Raw_Data/CLC_MASWSR/2020.dat,surface_wave_survey,1600484,6351ff8f29bb56a368aaae80f1fccdaf7d313abe243a97e87782cd3ac60a86c3,seg2
b73e0f39fcb4b8123169a1c34e580f4a4d52f274fb0f8e4e56df0f8fb8d2121b,usgs_arra_2013,CI.CLC/CI.CLC/CI_CLC_Raw_Data/CLC_MASWSR/2021.dat,surface_wave_survey,1600484,41f6d375fb08883bae26be11028976b4efd56ac9b6c359a80b8816dafb324756,seg2
9cadd2ee0b2311f3f87bf42437ca9959da546fc824e312b347c61c717532aa97,usgs_arra_2013,CI.CLC/CI.CLC/CI_CLC_Raw_Data/CLC_MASWSR/2022.dat,surface_wave_survey,1600484,b93c32aab5435bfb5e3e8f0cc032c377704c0c5dfcccee18e33f1517dbe8c6ff,seg2
cd29188b5aead15cc4a2bacc1c8f760787be27ca7742252c6a43d55e1bba3268,usgs_arra_2013,CI.CLC/CI.CLC/CI_CLC_Raw_Data/CLC_MASWSR/2023.dat,surface_wave_survey,1600484,35524f73fd7c9ae357db5dd1fa59127e261e228908e8b6c1ce92ea009239dbe4,seg2
8f62798b501b757fb1f58d59cdc70656fbc79b88aa209910bcf3b7011b2b049b,usgs_arra_2013,CI.CLC/CI.CLC/CI_CLC_Raw_Data/CLC_MASWSR/2024.dat,surface_wave_survey,1600484,0ce1b46195bd0ad243cfef050a3b5fa4240542f95aeb5f9c00ae8df8344b68d7,seg2
d2dcc9f4cb8ef0df71b3eee0df50585ba2db62f9d7c2404cc043e7571fa2af11,usgs_arra_2013,CI.CLC/CI.CLC/CI_CLC_Raw_Data/CLC_MASWSR/2025.dat,surface_wave_survey,1600484,d408de17ce49ba7d0385b4b651e1b513b0bb26bec9c08a3d5afe2218abefd4a3,seg2
ef28fc895754a5cf4f60751c7628518c815100558e803b0d4803eb8659ae3c0a,usgs_arra_2013,CI.CLC/CI.CLC/CI_CLC_Raw_Data/CLC_MASWSR/2026.dat,surface_wave_survey,1600484,ab0be072738180f9b4cbe3ce719da90e8e932bfdc247eed0ce435a04a01e5063,seg2
20d847e32ff259a2a36ff4587af481359065b7ca96ae8c31a90bed5a7a1f64c9,usgs_arra_2013,CI.CLC/CI.CLC/CI_CLC_Raw_Data/CLC_MASWSR/2027.dat,surface_wave_survey,1600488,b5c350fd5535ac9057bb2a65d3d5377e07f4b766bcb9b2b40bbdfd4f524ce844,seg2
2066a212b09bc6e4eeb6e51c1af912c311d722f7d5cb24beb3148590a0f9b81f,usgs_arra_2013,CI.CLC/CI.CLC/CI_CLC_Raw_Data/CLC_MASWSR/2028.dat,surface_wave_survey,1600488,f54c9efa4762a4199193314ed4158991c7d500da1b6695663f8c8a9bd3b577cc,seg2
28c0787fa1839cefa5709b04efee3f5765ce4745146034a77db6f14d029abfca,usgs_arra_2013,CI.CLC/CI.CLC/CI_CLC_Raw_Data/CLC_Photos/Coso 001.jpg,image,1259450,1cab2f336dd144d2ec9161eb65234da3ee2c94e5ffc2f67bae300e8cdf34d0ac,
f4e6bd1162df396abeb88080c73ede7b7570b3c71836826029019d1e7961b787,usgs_arra_2013,CI.CLC/CI.CLC/CI_CLC_Raw_Data/CLC_Photos/Coso 002.jpg,image,1435414,66e248b5024fe8f63d6ea9b8999128b8216249478e8c6bc77dcc0f8b05a4cf6f,
e3f97f071ae57c5a759dc3f160bf701fd972541f0991443d106e38a5afadfb98,usgs_arra_2013,CI.CLC/CI.CLC/CI_CLC_Raw_Data/CLC_Photos/Coso 003.jpg,image,1411207,586cf6c15f1e3ff9187e17336ee9a346b5b99433be59b4d7d8219d22e7c28373,
613409159fb0a843018f4765e5dbbd34d909cc4c6ec7c8fec4fa649a4349e5df,usgs_arra_2013,CI.CLC/CI.CLC/CI_CLC_Raw_Data/CLC_Photos/Coso 004.jpg,image,1454268,b5ec7c912c261f843780a26dbfce4486580dbe0156b13b37e24c82084fd6c89f,
de1fe75d160b1066cdf33fdc50e90d9d480936d8dcc6750c3e01590d1d8604c9,usgs_arra_2013,CI.CLC/CI.CLC/CI_CLC_Raw_Data/CLC_Photos/Coso 005.jpg,image,1271002,173036d73b1278f9b21878d0eeec358201cbd98138e858215d7699d6fa70ee3a,
d1a339c92e9536f6db8cfb0ce1e002dbc5915f20b59705b30eb1007c6af1bf82,usgs_arra_2013,CI.CLC/CI.CLC/CI_CLC_Raw_Data/CLC_Photos/Thumbs.db,unknown,13312,1dea95ea0353c0fdc4a3aa00c5c4f822852d927e725b4a57d6936230bf49ea34,
047d6d21ac2327ee9123184a774042a0e996915961af213b78ad68f51a2cb552,usgs_arra_2013,CI.CLC/CI.CLC/CI_CLC_Raw_Data/FILE FORMATS.docx,site_metadata,13396,0fb4c8b68b67965d10e664f9b8bb9b06a19507817365c9d883a06f98598519d6,
54171665b613c33aade57cddb36b8b46290fdb8c5d707586f873d221ef998b3d,usgs_arra_2013,CI.DRE/CI.DRE/CI.DRE.pdf,site_report,742535,1c5d00512c8b2e4ed60f73e66f68ba7ff6358c0ee14456a20989090f2455eadb,
7137e19f4b70bda55d8db087547aa106155e47f11580310c418e9f974f3dd977,usgs_arra_2013,CI.DRE/CI.DRE/CI_DRE_Raw_Data/CI-DRE  Locations.xls,site_metadata,19456,006380c0d6dc57bc488894ff927eb3975cd0164397606f8646dd35100efea36f,
5f6c810c829466dd59752a8e0ee04b15a907e8899a43812c3b0043149bc77d7e,usgs_arra_2013,CI.DRE/CI.DRE/CI_DRE_Raw_Data/CI_DRE_Forms.pdf,field_note,825141,fe2f90faf379e630424110ff7451c11e8e8d8fe453ed22ecde7ef7befa5b34f7,
017641924bc66cd2b0eb3d140ceb0db71bff7961dab5b0ee237cc6a4e26ee503,usgs_arra_2013,CI.DRE/CI.DRE/CI_DRE_Raw_Data/DRE_HVSR/20110202192637.Q292.txt,ambient_noise_waveform,14849262,4c19ccc43a445aac236a7e841d48f1ede1dad7a3fc8508ecb5d32aebd55b98c3,ascii_3c
baf7b0b7f352f5d7f0fe412c0a9756bf989abe8489793d27963062d5198d5d2f,usgs_arra_2013,CI.DRE/CI.DRE/CI_DRE_Raw_Data/DRE_HVSR/20110202193158.Q288.txt,ambient_noise_waveform,13981503,d6857df28862d4e2172eadfed104c9ec4de55d407ad880afbada0e93effd8461,ascii_3c
4fa9e83456459763e498b850b51bf7f265143da35564150cf1a8b7d5e8a7ee8d,usgs_arra_2013,CI.DRE/CI.DRE/CI_DRE_Raw_Data/DRE_HVSR/20110202193517.Q289.txt,ambient_noise_waveform,15174986,c9b0d73e35352ea2883beaf8d5de404cb661bf9bc83a8b9a7d7999cced4a6f73,ascii_3c
0d2aa49c3d98de8b11699c4780f3b29410c4e03e12c6c26aafed4aeba4881218,usgs_arra_2013,CI.DRE/CI.DRE/CI_DRE_Raw_Data/DRE_HVSR/20110202202637.Q292.txt,ambient_noise_waveform,10539233,3a6eca2ded0bceee59b0d3965d779b021dd5364d1f4d2937c7db3ab9652e772a,ascii_3c
ec18c074370f8eae5c1dda8d381790f3ea71e42f4cc84d0fde9e68bd0d45f921,usgs_arra_2013,CI.DRE/CI.DRE/CI_DRE_Raw_Data/DRE_HVSR/20110202203158.Q288.txt,ambient_noise_waveform,8517285,b4d29bae386bda29abba09a5729ef23723cc9f3761bbe4a201a25d40f208eca4,ascii_3c
59dada0f459eb27b9c27c91c042f33e1bce7471be2c3066d73007395232ae521,usgs_arra_2013,CI.DRE/CI.DRE/CI_DRE_Raw_Data/DRE_HVSR/20110202203517.Q289.txt,ambient_noise_waveform,8445952,e8980c242099316b1fab73e33f28ed11a9f922409d6ef92db46dfa50710d9ba1,ascii_3c
f458997c6dc8533eb114ec4e27d996a2524fcd67af1a6cfdcde2e6923d2f0601,usgs_arra_2013,CI.DRE/CI.DRE/CI_DRE_Raw_Data/DRE_MASW/1001.dat,surface_wave_survey,992228,e0d324902e2bde9070197ae225ac4b46675cae3e7ffb778aa6d154b96fdd77e4,seg2
fc7dce28ebcfd49df4a8d8589004daeb17ac6b9746432ce1a631c24b8668c61d,usgs_arra_2013,CI.DRE/CI.DRE/CI_DRE_Raw_Data/DRE_MASW/1002.dat,surface_wave_survey,992232,888bd435fca65d99e20843c8150fc18340f5135b5668b7fec892db9cdc3a42d7,seg2
c31df5cb14f1e5834aec471eaee8d86fe26b9d92f5e8f3555fe511672f74ac20,usgs_arra_2013,CI.DRE/CI.DRE/CI_DRE_Raw_Data/DRE_MASW/1003.dat,surface_wave_survey,992228,f9844e0264ea6aae4b3ee218acfb75d5ba3559767f058d9d9b6540be7035fe13,seg2
228b75e8817f7f45a7754e81ccda366a338425eb6cacd06168e9e150ddbebaa7,usgs_arra_2013,CI.DRE/CI.DRE/CI_DRE_Raw_Data/DRE_MASW/1004.dat,surface_wave_survey,992228,dad7a939a1ad5d148cc07cf36b5f5340981984150822f1f7cede1e59cc25dee7,seg2
3d4d10e78732646d351c569605f28750cd857ddea9eade2576c02e2d04de5e0b,usgs_arra_2013,CI.DRE/CI.DRE/CI_DRE_Raw_Data/DRE_MASW/1005.dat,surface_wave_survey,992228,61bd82930d3073a8fc5c8ab8f7262b5d95451b892974e2523b30e12299babcf3,seg2
4a136c60eaa3bf7f3f53b160e9f243b32c58bbdb155c7420ace7b0c3766139db,usgs_arra_2013,CI.DRE/CI.DRE/CI_DRE_Raw_Data/DRE_MASW/1006.dat,surface_wave_survey,992228,bcb0bf7eafac47aed49f16ae5631c8b964bc993561f8e6b38de75b4021ddfa19,seg2
84900c1eea0c9c26877dca4a12d47004770af0942862431f7efaebfe0683eb5a,usgs_arra_2013,CI.DRE/CI.DRE/CI_DRE_Raw_Data/DRE_MASW/1006c.dat,surface_wave_survey,989920,ad8ee9aded6f6a56cb0c99fb2a92117fc035c09999e3414886c34ef5acac1289,seg2
c0e2804ff1134b17a53c84da9170ff6d7f716675fa61aeb37fce475b5e23baa9,usgs_arra_2013,CI.DRE/CI.DRE/CI_DRE_Raw_Data/DRE_MASW/1007.dat,surface_wave_survey,992228,bcd7b3af81f662f31e97d9be5cb5b731dc35324cf5f01c25af3fc7cb441464da,seg2
e67d7cf2097b03f582e5bc3a1ef6507cddc382f71252fd7056cb38b23a9b86cc,usgs_arra_2013,CI.DRE/CI.DRE/CI_DRE_Raw_Data/DRE_MASW/1008.dat,surface_wave_survey,992228,3b949032187477a71c643fe9879125ea517cfe35b1c1795eab9ad69abcd1fb26,seg2
27081dc568c89b183ff850b2c1ce449ba5dd04c16a48a58e85d8f3c9adc989cd,usgs_arra_2013,CI.DRE/CI.DRE/CI_DRE_Raw_Data/DRE_MASW/1009.dat,surface_wave_survey,992228,a2afe37b988637042427d195e3cdf3124514111027973186841d2fde3c3fee4c,seg2
f830cb3a21ece67d0f408458ac594c844e9cc014dd04c4eac71625c6233cf1f9,usgs_arra_2013,CI.DRE/CI.DRE/CI_DRE_Raw_Data/DRE_MASW/1010.dat,surface_wave_survey,992228,576d40e3c151ddcf3f2c44c0f1220f5a24a504f335be6eeae93f2f596c4f6f50,seg2
0b634c465c71ec8b7638f9bd027dc5f830f6c074242958d33a34db3d0050e9ac,usgs_arra_2013,CI.DRE/CI.DRE/CI_DRE_Raw_Data/DRE_MASW/1011.dat,surface_wave_survey,992228,112f77d12bef426f0cf8206509b9e0865bada691c08ead148b05a5fd6cc688ef,seg2
bb71664d8a875af593ea1d113daaa45916e60d3563a4dc005765aabb07e07090,usgs_arra_2013,CI.DRE/CI.DRE/CI_DRE_Raw_Data/DRE_MASW/1012.dat,surface_wave_survey,992228,91a75088de805723137ab833de6153f5bb6e51a3c43eb7b90c18b5843845c08b,seg2
dd205574660e2bd6f9f4901ba3b22780a83904542b05e9e6884c00af509ee40e,usgs_arra_2013,CI.DRE/CI.DRE/CI_DRE_Raw_Data/DRE_MASW/1013.dat,surface_wave_survey,992228,5d844098e5dd842c162c1f0a553f20fa55f392cdcca8b9082ddf46ae511c6a9d,seg2
02efe69fb07e88b21954c0510fd087ec4d4f8cc0b8e663138175421580261b49,usgs_arra_2013,CI.DRE/CI.DRE/CI_DRE_Raw_Data/DRE_MASW/1014.dat,surface_wave_survey,992228,b0a26dc78b5a624d76da92c66e0de2ea289b0fc9a3dd89df1b7389ee48adbe3e,seg2
e206732577f1d7e2dbe42cd4c47d2902ff9773049390d74f08d1100436cc3870,usgs_arra_2013,CI.DRE/CI.DRE/CI_DRE_Raw_Data/DRE_MASW/1015.dat,surface_wave_survey,992228,ce3031a2426b74bec7f55bba73e2b916adc68900848356b60d3991188408b0ec,seg2
e67e6c60abf77a00d94365a1ec6239ca7d4dba48af1f31ef4c428d12923f9e5c,usgs_arra_2013,CI.DRE/CI.DRE/CI_DRE_Raw_Data/DRE_MASW/1016.dat,surface_wave_survey,992228,c4963b702d18739d0e1c93f4cbc43debad3436a00864d3d1bc98f098a0acec04,seg2
c1af8b01c1fa536359f574b7ef448327c85170f4fdeb4b17fc75466eaedf046d,usgs_arra_2013,CI.DRE/CI.DRE/CI_DRE_Raw_Data/DRE_Photos/DSC01054.JPG,image,4505962,663e129a5c78829534a65bdd5f69e853baf48a8d52497316261655ada35bd365,
eeeb649ea50ee428ea2dd91dabc225f91d5f78b5ab1e5d1d45b847725a276c7b,usgs_arra_2013,CI.DRE/CI.DRE/CI_DRE_Raw_Data/DRE_Photos/DSC01055.JPG,image,4516204,78dd6eb6c9232571b38902c1cd036b30c06cc8d29afaf02ffa2872abc69ea868,
f20a5e9d2fc5bc22e52e5c24b9ddd8b9d3768de9ac94c86e3ee81e1924fe155d,usgs_arra_2013,CI.DRE/CI.DRE/CI_DRE_Raw_Data/DRE_Photos/DSC01056.JPG,image,4579933,b1af91809de99ffc85622cf057af8f26d7acc332529e1535ec28c56321e14353,
da05e91ad6b2844a086d4cde9ea513bf7823b896017bdf45e3cd8e75e5c117ff,usgs_arra_2013,CI.DRE/CI.DRE/CI_DRE_Raw_Data/DRE_Photos/DSC01057.JPG,image,4421871,cd541470c8d0f93296d1538a64e61e3473b5a526de8f6edb88c6138268a429ce,
e00c63d99b234957f2691faf72e3b13048f4773cddd8945a1a8f4e6155659706,usgs_arra_2013,CI.DRE/CI.DRE/CI_DRE_Raw_Data/DRE_Photos/DSC01058.JPG,image,4452657,65be91b1d3013ecc084bef57e808f11e95884956590e4649c4aacc743831dfcd,
8b8cd7639e673d2f689864f6f3b8142edcf238c6c2e668e8337f5b1deb05aaf0,usgs_arra_2013,CI.DRE/CI.DRE/CI_DRE_Raw_Data/DRE_Photos/DSC01059.JPG,image,4520741,f4a334c3f106a6b484a74e890193cb97588705fca713c8d61075549f9600532b,
d7b8698b61c8aa30aba0793bf4528af4570cc5581f6474f8e1eaac6d97e67a6b,usgs_arra_2013,CI.DRE/CI.DRE/CI_DRE_Raw_Data/DRE_Photos/DSC01060.JPG,image,4534768,87adafb634e62b45eded074a12a2acc570f3dff3f1823d6b665615be85c6976d,
4f89066b3f9c1e4c595302faf2fe490e521b68d07341bd40d9124ea32af77c0f,usgs_arra_2013,CI.DRE/CI.DRE/CI_DRE_Raw_Data/DRE_Photos/DSC01061.JPG,image,3740721,49bd645962b197e9cf1c124ea29fa1074a5028cb793a08ff18ec17abc8cdcf45,
e674b3b9c472f56dcb812f58f6b5ce616e5a39da6d8fc7314a5bedf22261afa7,usgs_arra_2013,CI.DRE/CI.DRE/CI_DRE_Raw_Data/DRE_Photos/DSC01062.JPG,image,4450854,0d9cc1a3d567fa517d55a8bc8b1a9fcbd2bd9bd2a45e7575a1ef71dcc27b1608,
320a76107a650edb210a0cac26d9201ffc1a5368b51d3a1a7b2d5d72cbba98d0,usgs_arra_2013,CI.DRE/CI.DRE/CI_DRE_Raw_Data/DRE_Photos/DSC01063.JPG,image,4373550,3650487bd21ede8c6bfabe0879bf34a547d514a7cdfff58c924a9aaa7751ee6b,
1f7d04a2cd101d6e0e1fd5a5f5548aae86771145cdeb4be9997e91f1bfadcba4,usgs_arra_2013,CI.DRE/CI.DRE/CI_DRE_Raw_Data/DRE_Photos/DSC01064.JPG,image,4456303,34aef6fd48f36a71722dd71a7a933943c9cff0f1b6dc6a62bfed9cc43ee7c727,
2fa41e747bdc310cd7dcc74924ee3d3c356bd38c22a215625a2a3fb4aeabb948,usgs_arra_2013,CI.DRE/CI.DRE/CI_DRE_Raw_Data/DRE_Photos/DSC01065.JPG,image,3604225,58700f488410ae1549e208ecef7c46c6bbbf902e664686a9f44f6fdd37146cba,
1a8827893352b52b34cea8f69f0ba83d19123f36f76467fd652f6aecf7fbe953,usgs_arra_2013,CI.DRE/CI.DRE/CI_DRE_Raw_Data/DRE_Photos/DSC01066.JPG,image,3696015,358be02466d3b399a822f60c4a4f0d1c8101dc0fe8c6c4e354342560b664335b,
104f076b10bda55825a901a21ff155f642810317779eab9859337007366473d4,usgs_arra_2013,CI.DRE/CI.DRE/CI_DRE_Raw_Data/DRE_Photos/DSC01067.JPG,image,4456816,924b96735de937879f7bcee46720c1b440bed31ff1d6f7a9631cfa45d0578602,
22b3cde7cc9a0ff51c0bebcfd5620ebad3281d21e6f9c08a3e6eeb6fb221e56c,usgs_arra_2013,CI.DRE/CI.DRE/CI_DRE_Raw_Data/DRE_Photos/DSC01068.JPG,image,4419668,2ea1476914d7e0fef2bea98da071279313d0dd8ecbb0c6de5c9a9f44a1edf875,
e63f742f14c67e2be64779f5ac59ec064253ff4e456cf77b20b6fa3cade3ccdd,usgs_arra_2013,CI.DRE/CI.DRE/CI_DRE_Raw_Data/DRE_Photos/DSC01069.JPG,image,4465601,5fc0272d44dbe86a3c23c3af648cdc116be135fa13c358fb15f1f5c3176dc962,
1eb2f02b0b1d3924bb1d206e15c53c7b71fe3794c97ece4552c431b019a47c2e,usgs_arra_2013,CI.DRE/CI.DRE/CI_DRE_Raw_Data/DRE_Photos/DSC01070.JPG,image,3677725,9f061328f570f92b122c495863f633981f13821897ed50726f141e37b54b98cb,
74eb5c312da88c6e7962def51f43f9f9ff563d0096badc727947119ea36c0011,usgs_arra_2013,CI.DRE/CI.DRE/CI_DRE_Raw_Data/DRE_Photos/DSC01071.JPG,image,3673222,e895f596b8218e2d25af893836a835792f19067f225ec02397799ff0530c00ed,
e9fdddaf18aeb7d4782649696eac00675e7c9cb20313aacd45bf9f0d484fdd71,usgs_arra_2013,CI.DRE/CI.DRE/CI_DRE_Raw_Data/DRE_Photos/DSC01072.JPG,image,4481369,67bed7def180064322427af96a6ef4eab5e850ae63a0a0a0296f00a720506b46,
bd8fa83a836cc829403037169f3f6bf44162a409bef31dff0454d8552acafd3c,usgs_arra_2013,CI.DRE/CI.DRE/CI_DRE_Raw_Data/DRE_Photos/Thumbs.db,unknown,112128,3070b6d5362798ac4b5b8b05a374f469ecee3ddf12165faca2791cbf317710e1,
8477fc04025a9ccdb8abfdaca1189f8dcda02e8a9850f1d9a5b25f6ff2e63ce4,usgs_arra_2013,CI.DRE/CI.DRE/CI_DRE_Raw_Data/DRE_SASW/A1.DAT,surface_wave_survey,5414,6647d1ba8433cf89920f16fd4761ad35eeec93d908e12b56879921d0a164eed0,hp_sdf
70f5367076b48bb1d4b7a24dacaab7f64a97f8ef9ebd27a252524cc5521e2624,usgs_arra_2013,CI.DRE/CI.DRE/CI_DRE_Raw_Data/DRE_SASW/A10.DAT,surface_wave_survey,2338,aa206d6630827b9f764a025b007827f6ae3decf0abc92cd35d5a3a65a78d5ab4,hp_sdf
25c2998aaf0c450c406315e5b9db7e774aec49147f4daea6c2816429305ebd2a,usgs_arra_2013,CI.DRE/CI.DRE/CI_DRE_Raw_Data/DRE_SASW/A11.DAT,surface_wave_survey,3366,99c5cdf4d4feb80318341a3485e898ba70a0b24fe81793ed7e0cc8bd43f8fbbe,hp_sdf
4b94d85d7ca6c581b00d3ed625b93c81545f2867ee964b1028740c3dd2953cad,usgs_arra_2013,CI.DRE/CI.DRE/CI_DRE_Raw_Data/DRE_SASW/A12.DAT,surface_wave_survey,2338,d552698f1f04076d7f2994f71a41e242ca37ec07704c6784ec83bba229240d46,hp_sdf
6b53a48c7a1bb82225e0cdf4c703e70733b526f7fa5d795961fe65c996b07e47,usgs_arra_2013,CI.DRE/CI.DRE/CI_DRE_Raw_Data/DRE_SASW/A13.DAT,surface_wave_survey,2342,bbb3dad7a515ed5639d9af4a04c4c2db3f5d3b0b85ea6851fa8a65721c091838,hp_sdf
52818f8cb5cf32e0781c3947642779f8fc21be6d073af8c413d52462ba4951bb,usgs_arra_2013,CI.DRE/CI.DRE/CI_DRE_Raw_Data/DRE_SASW/A14.DAT,surface_wave_survey,1826,e27f3f5d6843cdec5e9f671dbd561174af6bbd45854277a20d3bf290a6f66076,hp_sdf
46042fa2fc8326759c3bcb7cc609679f6014a525f29f2a13105f538e297a35be,usgs_arra_2013,CI.DRE/CI.DRE/CI_DRE_Raw_Data/DRE_SASW/A15.DAT,surface_wave_survey,2342,6472b7507e62aa5f9d092359e73d7402c4ac657e309ab1c4c1eeea2f3c2a54b6,hp_sdf
262e9dfec185f233517c1ddd51c287f9301786c0d0c5b8e06b2bf2cbab247859,usgs_arra_2013,CI.DRE/CI.DRE/CI_DRE_Raw_Data/DRE_SASW/A16.DAT,surface_wave_survey,1826,0339587742687f7c00e21ba360983134f08c15802442e8422d8004be70dfc4a1,hp_sdf
b6126ade01169dbddc49ca580d4f2d2ace0081a62d97fd6bba5026fbb58089e0,usgs_arra_2013,CI.DRE/CI.DRE/CI_DRE_Raw_Data/DRE_SASW/A17.DAT,surface_wave_survey,2342,ff8504f3a34fd8663bf8ccd7527ebf429975dede36bc511aa599558f6aad483c,hp_sdf
bf5dbe7a70e8c3450f6dade9f98b6cff0f23cd03a23fb23d2d99b0d211e94c50,usgs_arra_2013,CI.DRE/CI.DRE/CI_DRE_Raw_Data/DRE_SASW/A18.DAT,surface_wave_survey,1826,ec887cf8c0fc5356a697e8107f2e5649de5fb168316e17bc7ce91de508c13950,hp_sdf
0ed910a07221ddb080724a81f0f5190ec97c62759284a969be4c6a5340862881,usgs_arra_2013,CI.DRE/CI.DRE/CI_DRE_Raw_Data/DRE_SASW/A19.DAT,surface_wave_survey,2342,1c70172bbf7daa6d6c40d3833442cc813c1d8c22c13f9f9ab3b01b266efd18a4,hp_sdf
02eae47b294073ae5e57577e67d80a3eb6cdc3f9858b38bcff03a9c6cd32fd3e,usgs_arra_2013,CI.DRE/CI.DRE/CI_DRE_Raw_Data/DRE_SASW/A2.DAT,surface_wave_survey,3362,7a3598d074a96d91270b7bab7072c52210143d7432d32bffe1537b12dc6dbd39,hp_sdf
791d070a88d2a4b2ede05fec74bac6b0c660a8e7f9a587a8ea5b2d9674ee57f5,usgs_arra_2013,CI.DRE/CI.DRE/CI_DRE_Raw_Data/DRE_SASW/A20.DAT,surface_wave_survey,1826,dbafbdd86b9ebc3584f0480f3ca78e2b65477f02f786ca785b0fdf1c8ab8c963,hp_sdf
6ae74c1a5491168a1273a8f62c6144599f69a74e32b64e7a89cb00d7229466cd,usgs_arra_2013,CI.DRE/CI.DRE/CI_DRE_Raw_Data/DRE_SASW/A21.DAT,surface_wave_survey,2342,90126c60ca7ad9bb1aea3ce0aece2f809c7fc54f51bec5f97806622920fd889e,hp_sdf
9455b2bb1615928d8b9ae4b3093812f76e7c8e9798d806471184fc635a3fb874,usgs_arra_2013,CI.DRE/CI.DRE/CI_DRE_Raw_Data/DRE_SASW/A22.DAT,surface_wave_survey,1826,9c190a005ec2a289d2419d7fff5932ec81cf5e54f5d3a1dd26e898600cc9c0d3,hp_sdf
ed747a9e8fbcc381be1ab8f6ac432d6afa3917c0f05f6b53415b7679ac7b4190,usgs_arra_2013,CI.DRE/CI.DRE/CI_DRE_Raw_Data/DRE_SASW/A23.DAT,surface_wave_survey,2342,6ecd7cca3f718eeb6664bfe53ab7399b6be3ec85c4766755b231306f35caf8e4,hp_sdf
26f9d000d0cff105d4f6c892a0ff24581fd0fee5439ef34b4635812154845092,usgs_arra_2013,CI.DRE/CI.DRE/CI_DRE_Raw_Data/DRE_SASW/A24.DAT,surface_wave_survey,1826,4db564b23de3939d7e66eae7de7bfabdbc72100cb6e7927e26053b888e85bb3d,hp_sdf
c5288a64e7db5d665f457beb124c64b63e0e092c934877d85cb30e5f98647219,usgs_arra_2013,CI.DRE/CI.DRE/CI_DRE_Raw_Data/DRE_SASW/A25.DAT,surface_wave_survey,2342,aedfc34bb7fee48e387db85d74cb2f60519c5da0f9404ac8a5af93fd256ee8c1,hp_sdf
b6df54a2df371208cf044a54f71287aa7331e07a88626df422debffca4ff4734,usgs_arra_2013,CI.DRE/CI.DRE/CI_DRE_Raw_Data/DRE_SASW/A26.DAT,surface_wave_survey,1826,31545a2e1804362ca6f232baf80dc817980e7f0421a11546108cdadf0cd67818,hp_sdf
7d58968d0ecf3007834492472159f6fb30041a7f25b58f06611a54ea0967c558,usgs_arra_2013,CI.DRE/CI.DRE/CI_DRE_Raw_Data/DRE_SASW/A27.DAT,surface_wave_survey,2342,2b2836f3a36572402b3e46d6e7e0a0b2f1a69f4f402c224bddc2493b4a4d32cb,hp_sdf
22dedee68bd938b4f4e383988846d038355c37fbb0bf79b432d4a960f263c04f,usgs_arra_2013,CI.DRE/CI.DRE/CI_DRE_Raw_Data/DRE_SASW/A28.DAT,surface_wave_survey,1826,3493f95f08d1140cb874e081359a508fd389ac1ec480a91a011c505a33981e49,hp_sdf
7d3806c1d347982f3600dfbffce1ed1740194ca646112d984ff0f6de41bc3d7d,usgs_arra_2013,CI.DRE/CI.DRE/CI_DRE_Raw_Data/DRE_SASW/A3.DAT,surface_wave_survey,5414,998dd3dae5b39b065b3b2438f8e0968ae699a1fe3c2749486f01ec3dd7e17ae8,hp_sdf
7130d6251fda16374c92fda197fd30ca4b58318d5a58c04c4f6020a17eacdec4,usgs_arra_2013,CI.DRE/CI.DRE/CI_DRE_Raw_Data/DRE_SASW/A4.DAT,surface_wave_survey,3362,889ad3cddb03106eecbb2adecb0d7357579902747cdbe817265b0168a6895cdd,hp_sdf
b749f7f715ba3c874ff02199794f3920518d9a9fda882e1986b17faa87a5bc87,usgs_arra_2013,CI.DRE/CI.DRE/CI_DRE_Raw_Data/DRE_SASW/A5.DAT,surface_wave_survey,3366,76f144610ddeddda5796d44a60652ec5f341abf6144661cbbd1c3e7b88abd57a,hp_sdf
f73eadf0d2656a394e6341ecd0a932c8601d6b32af17445cac36b7815afbe492,usgs_arra_2013,CI.DRE/CI.DRE/CI_DRE_Raw_Data/DRE_SASW/A6.DAT,surface_wave_survey,2338,b3673c30275be24bc48802d2a03b3c20f29e8d37d783a3ea97572a2e09dfde90,hp_sdf
355d69bcfca1ff3720afff9a87642c6c3c355ac461c6b5bba147eea2db074a00,usgs_arra_2013,CI.DRE/CI.DRE/CI_DRE_Raw_Data/DRE_SASW/A7.DAT,surface_wave_survey,3366,1f287197c284f428defeffc0159592ec3f37d53be31aad9d4c2c9e5c6d1087a6,hp_sdf
2696b835799c0ad17ea9257f1acb0f3c01908e8a405912001b0885f4da694692,usgs_arra_2013,CI.DRE/CI.DRE/CI_DRE_Raw_Data/DRE_SASW/A8.DAT,surface_wave_survey,2338,e44c1723491783c9bbe82898c017fff915e356e51838310e25b37c319721dd8c,hp_sdf
135b0ccc6d40f97a304183dd7e80ed63bf1d3578d50fb60b25520a5649aa9bf2,usgs_arra_2013,CI.DRE/CI.DRE/CI_DRE_Raw_Data/DRE_SASW/A9.DAT,surface_wave_survey,3366,30b05b86f36315631964e2fb3c55097f5da74551b720230cf23743ddd57b9ab8,hp_sdf
23640464f970b569e66524f6e9add074719ba494a5eec6fdce53292e06ebaef9,usgs_arra_2013,CI.DRE/CI.DRE/CI_DRE_Raw_Data/FILE FORMATS.docx,site_metadata,12911,9b2d6e024680bd7d41fd87b0b42dd28e475e360336d0cf6177877940511bc183,
