recording_id,site_id,asset_id,raw_format,sampling_rate_hz,start_time,duration_s,channel_mapping,units,segment
0e1f5de2b2c72307dd785d0892361dd81a259351ce07e46904b0808dcd2a1ff1,usgs_arra_2013:CI.CLC,9a46bd0f4423cc0e052dc83e1ff00899ac31c5af5d4f9f4bb0085c17502bdfca,usgs_ascii_3c,200.0,,,"{""E"": ""column_3"", ""N"": ""column_2"", ""Z"": ""column_1""}",counts,
18c83b13d1bf1c2314e3b9db8d0e2d9edc3df3ecf782c2896fc570e2ec0bb37f,usgs_arra_2013:CI.CCC,d823fea14a16955c5fa9dde7ac01e7331fdc426e2ff95330edc694c50ee68e4b,usgs_ascii_3c,200.0,,,"{""E"": ""column_3"", ""N"": ""column_2"", ""Z"": ""column_1""}",counts,
245f0d1a0c192bd4fdfd70f40fe085621feeef6a33cd3b7b6c07e15e75800dad,usgs_arra_2013:CI.DRE,0d2aa49c3d98de8b11699c4780f3b29410c4e03e12c6c26aafed4aeba4881218,usgs_ascii_3c,200.0,,,"{""E"": ""column_3"", ""N"": ""column_2"", ""Z"": ""column_1""}",counts,
2c5d3ae6277ab938ddd72261d102458bfd1cb89989a4fc82310edee7ff76aa0c,usgs_arra_2013:CI.CCC,fdf4980f182ad0cc31e1952f3c9f568647dae31a3c10a2df27a78afc8ce58b5a,usgs_ascii_3c,200.0,,,"{""E"": ""column_3"", ""N"": ""column_2"", ""Z"": ""column_1""}",counts,
30447f13e3fbceccae38dc5f22de146f4baec45e650b1e0d72403858c9e07992,usgs_arra_2013:CI.DRE,59dada0f459eb27b9c27c91c042f33e1bce7471be2c3066d73007395232ae521,usgs_ascii_3c,200.0,,,"{""E"": ""column_3"", ""N"": ""column_2"", ""Z"": ""column_1""}",counts,
3c3078e0486ceac4a9bf59df04a18e7c3a47257f00d2c4dbc6852f6b3c8a60f6,usgs_arra_2013:CI.CLC,eacdba898b2a99c4d6f8c848736b9ac4ba98c650232d7bddfa4a21722eb242cc,usgs_ascii_3c,200.0,,,"{""E"": ""column_3"", ""N"": ""column_2"", ""Z"": ""column_1""}",counts,
5272bb5c7b222ee5f2500f4239cc9e7a96fd4cb460f4a936c8ed750066f46f78,usgs_arra_2013:CI.CCC,e976b62edfa96e5346c030ff82d67f4c70c5b7fde04ee18a7f3574058f96e9ea,usgs_ascii_3c,200.0,,,"{""E"": ""column_3"", ""N"": ""column_2"", ""Z"": ""column_1""}",counts,
78cd31165ad98e29db4ac5f7729139a7b4cb7912e85d2f839d4798c570bb29d4,usgs_arra_2013:CI.DRE,017641924bc66cd2b0eb3d140ceb0db71bff7961dab5b0ee237cc6a4e26ee503,usgs_ascii_3c,200.0,,,"{""E"": ""column_3"", ""N"": ""column_2"", ""Z"": ""column_1""}",counts,
8e0bd8f4da0efd680dc065b47fd3e2872c14714b7017ac0dbd3b10d4429fc889,usgs_arra_2013:CI.CLC,c82430e7596b884fd2921a852767e2a583419184ea8f3d62cf932dcef0eb1964,usgs_ascii_3c,200.0,,,"{""E"": ""column_3"", ""N"": ""column_2"", ""Z"": ""column_1""}",counts,
95bafd93cb604a29cd847410ac88806c36e3cfd90ea30d987a3105951a3d60c6,usgs_arra_2013:CI.CLC,e47a6e45d49141c707fdb780429d5eaf181e02c41c954f16601e793619823262,usgs_ascii_3c,200.0,,,"{""E"": ""column_3"", ""N"": ""column_2"", ""Z"": ""column_1""}",counts,
9b3234bba8ab50f77eb51f28f13eddaae0fa70248b0ce1ed44ead736d51b1c7d,usgs_arra_2013:CI.CCC,1c93ebd2031c9b079d061d99d93e828f9469693155553ad283c17107e94e2883,usgs_ascii_3c,200.0,,,"{""E"": ""column_3"", ""N"": ""column_2"", ""Z"": ""column_1""}",counts,
a395b0a40f045283789b1c3a4a819c5ddb279b89f833740ad68672da24f21024,usgs_arra_2013:CI.CCC,9301d05ce6600cf9d789ed1650e296a2dc0a2978eea18aa056571b774369db15,usgs_ascii_3c,200.0,,,"{""E"": ""column_3"", ""N"": ""column_2"", ""Z"": ""column_1""}",counts,
bbd90a74dcf8b5f66424acf73739e4edffc7cebc2880724fd87befb60fe7e95c,usgs_arra_2013:CI.DRE,ec18c074370f8eae5c1dda8d381790f3ea71e42f4cc84d0fde9e68bd0d45f921,usgs_ascii_3c,200.0,,,"{""E"": ""column_3"", ""N"": ""column_2"", ""Z"": ""column_1""}",counts,
bfd3c0056919f3556d5726af264d4b2829d998543773470ec4d9cb0e089e5fcf,usgs_arra_2013:CI.CLC,412b561f52d9aef5f5f5af832f249457bf046089ca3fd693f355a16017731e6a,usgs_ascii_3c,200.0,,,"{""E"": ""column_3"", ""N"": ""column_2"", ""Z"": ""column_1""}",counts,
ca620ed59be6341dc27206737cdf6e64bc6e713504219ac0984768584e6dc1e1,usgs_arra_2013:CI.DRE,4fa9e83456459763e498b850b51bf7f265143da35564150cf1a8b7d5e8a7ee8d,usgs_ascii_3c,200.0,,,"{""E"": ""column_3"", ""N"": ""column_2"", ""Z"": ""column_1""}",counts,
caf0f0bcd506b8cd2a916e83daa96df3c9925f1e1da9f31e793e2cc10f47414d,usgs_arra_2013:CI.CLC,5a5a04079723fa6c99624a52b745f6e43786de58712604c9789500ed45c25382,usgs_ascii_3c,200.0,,,"{""E"": ""column_3"", ""N"": ""column_2"", ""Z"": ""column_1""}",counts,
d463b2f9205759ca820af6f07afa6cd52f57b0d1c4f265b083ebad5562c17fcb,usgs_arra_2013:CI.DRE,baf7b0b7f352f5d7f0fe412c0a9756bf989abe8489793d27963062d5198d5d2f,usgs_ascii_3c,200.0,,,"{""E"": ""column_3"", ""N"": ""column_2"", ""Z"": ""column_1""}",counts,
e19516fc76571160308314c64751fe32207a945ebeb8939d016b88d17ebd814e,usgs_arra_2013:CI.CCC,fb6f1963ae430c19d260d9bd3265ceb3133fa836c5dc3e7651f64d4c2e75e619,usgs_ascii_3c,200.0,,,"{""E"": ""column_3"", ""N"": ""column_2"", ""Z"": ""column_1""}",counts,
