site_id,latitude,longitude,f0_hz,a0,tdom_s,kg,gss_1000yr,gss_2500yr,source_table,docx_table_index,source_row_number
MD172,3.743,98.645,0.462,1.331,2.165,3.836,5.00E-04,1.50E-03,Table 16,35,1
MD173,3.747,98.650,1,3.186,1,10.15,3.00E-03,3.98E-03,Table 16,35,2
MD174,3.741,98.659,1.594,3.526,0.627,7.798,3.00E-03,3.06E-03,Table 16,35,3
MD179,3.755,98.639,1.892,3.621,0.529,6.932,3.00E-03,2.72E-03,Table 16,35,4
MD180,3.754,98.641,1.78,4.468,0.562,11.22,3.00E-03,4.40E-03,Table 16,35,5
MD181,3.753,98.651,1.836,1.336,0.545,0.972,5.00E-04,3.81E-04,Table 16,35,6
MD182,3.756,98.660,1.473,1.257,0.679,1.072,5.00E-04,4.20E-04,Table 16,35,7
MD183,3.754,98.668,0.992,2.686,1.008,7.272,3.00E-03,2.85E-03,Table 16,35,8
MD184,3.755,98.679,0.797,4.441,1.254,24.73,7.00E-03,9.70E-03,Table 16,35,9
MD185,3.753,98.690,0.693,6.312,1.443,57.51,1.00E-02,2.26E-02,Table 16,35,10
MD186,3.754,98.697,0.701,4.761,1.426,32.33,7.00E-03,1.27E-02,Table 16,35,11
MD187,3.758,98.652,1.111,0.287,0.9,0.074,5.00E-04,2.91E-05,Table 16,35,12
MD188,3.759,98.656,1.135,2.11,0.881,3.925,5.00E-04,1.54E-03,Table 16,35,13
MD189,3.761,98.662,0.985,2.187,1.015,4.852,3.00E-03,1.90E-03,Table 16,35,14
MD190,3.770,98.671,0.807,1.882,1.239,4.387,3.00E-03,1.72E-03,Table 16,35,15
MD191,3.757,98.671,1.157,4.457,0.864,17.17,5.00E-03,6.73E-03,Table 16,35,16
MD192,3.768,98.678,0.821,3.757,1.217,17.18,5.00E-03,6.74E-03,Table 16,35,17
MD193,3.771,98.685,0.686,5.323,1.457,41.29,1.00E-02,1.62E-02,Table 16,35,18
MD194,3.773,98.703,0.662,8.734,1.511,115.3,1.00E-02,4.52E-02,Table 16,35,19
MD195,3.773,98.675,0.77,3.25,1.298,13.71,5.00E-03,5.38E-03,Table 16,35,20
MD196,3.786,98.682,0.721,4.015,1.388,22.37,7.00E-03,8.77E-03,Table 16,35,21
MD197,3.781,98.688,0.9,2.73,1.111,8.281,3.00E-03,3.25E-03,Table 16,35,22
MD198,3.781,98.696,0.732,5.282,1.367,38.14,7.00E-03,1.50E-02,Table 16,35,23
MD199,3.781,98.705,0.608,7.171,1.646,84.64,1.00E-02,3.32E-02,Table 16,35,24
MD200,3.785,98.710,0.666,4.133,1.501,25.64,7.00E-03,1.01E-02,Table 16,35,25
MD134,3.677,98.651,1.126,2.269,0.888,4.573,3.00E-03,1.79E-03,Table 16,36,1
MD137,3.689,98.634,1.208,1.269,0.828,1.333,5.00E-04,5.23E-04,Table 16,36,2
MD138,3.688,98.644,1.079,1.837,0.926,3.125,5.00E-04,1.23E-03,Table 16,36,3
MD139,3.693,98.650,1.295,2.279,0.772,4.01,5.00E-04,1.57E-03,Table 16,36,4
MD140,3.689,98.659,1.117,1.926,0.895,3.322,5.00E-04,1.30E-03,Table 16,36,5
MD146,3.702,98.635,1.245,1.9,0.803,2.899,5.00E-04,1.14E-03,Table 16,36,6
MD147,3.702,98.642,1.024,1.992,0.977,3.875,5.00E-04,1.52E-03,Table 16,36,7
MD148,3.702,98.651,1.128,1.889,0.887,3.163,5.00E-04,1.24E-03,Table 16,36,8
MD149,3.705,98.660,1.08,3.387,0.926,10.62,3.00E-03,4.17E-03,Table 16,36,9
MD150,3.702,98.668,1.165,1.956,0.858,3.282,5.00E-04,1.29E-03,Table 16,36,10
MD155,3.713,98.643,1.119,2.531,0.893,5.725,3.00E-03,2.25E-03,Table 16,36,11
MD156,3.711,98.650,0.96,2.35,1.041,5.749,3.00E-03,2.26E-03,Table 16,36,12
MD157,3.717,98.660,1.11,2.767,0.901,6.898,3.00E-03,2.71E-03,Table 16,36,13
MD158,3.716,98.669,0.971,2.026,1.029,4.224,3.00E-03,1.66E-03,Table 16,36,14
MD159,3.715,98.678,0.917,3.143,1.09,10.77,3.00E-03,4.22E-03,Table 16,36,15
MD163,3.732,98.656,0.933,3.461,1.072,12.84,5.00E-03,5.04E-03,Table 16,36,16
MD164,3.731,98.660,1.069,3.685,0.935,12.7,5.00E-03,4.98E-03,Table 16,36,17
MD165,3.728,98.669,0.906,2.267,1.104,5.671,3.00E-03,2.22E-03,Table 16,36,18
MD174,3.743,98.673,1.024,3.518,0.977,12.09,3.00E-03,4.74E-03,Table 16,36,19
MD175,3.743,98.673,1.298,0.788,0.77,0.478,1.17E-04,1.88E-04,Table 16,36,20
MD143,3.685,98.690,1.924,2.266,0.52,2.669,5.00E-04,1.05E-03,Table 16,37,1
MD144,3.692,98.695,1.064,1.896,0.94,3.377,5.00E-04,1.32E-03,Table 16,37,2
MD145,3.691,98.708,0.862,3.109,1.16,11.21,3.00E-03,4.40E-03,Table 16,37,3
MD151,3.701,98.676,1.136,1.72,0.88,2.606,5.00E-04,1.02E-03,Table 16,37,4
MD152,3.702,98.684,0.841,3.299,1.189,12.95,5.00E-03,5.08E-03,Table 16,37,5
MD153,3.702,98.691,0.898,2.8,1.114,8.732,3.00E-03,3.43E-03,Table 16,37,6
MD154,3.704,98.717,1.396,4.23,0.716,12.82,5.00E-03,5.03E-03,Table 16,37,7
MD160,3.717,98.687,0.846,3.385,1.182,13.54,5.00E-03,5.31E-03,Table 16,37,8
MD161,3.710,98.695,0.852,3.025,1.174,10.75,3.00E-03,4.22E-03,Table 16,37,9
MD162,3.720,98.698,1.109,1.763,0.902,2.802,5.00E-04,1.10E-03,Table 16,37,10
MD166,3.727,98.678,0.728,6.401,1.373,56.25,1.00E-02,2.21E-02,Table 16,37,11
MD167,3.733,98.686,0.75,3.72,1.333,18.44,5.00E-03,7.24E-03,Table 16,37,12
MD168,3.729,98.694,0.752,3.118,1.331,12.94,5.00E-03,5.08E-03,Table 16,37,13
MD169,3.708,98.707,1.759,2.619,0.569,3.899,5.00E-04,1.53E-03,Table 16,37,14
MD170,3.701,98.701,2.846,2.165,0.351,1.647,5.00E-04,6.46E-04,Table 16,37,15
MD171,3.713,98.712,1.428,4.128,0.7,11.93,3.00E-03,4.68E-03,Table 16,37,16
MD177,3.742,98.679,0.677,2.901,1.477,12.43,5.00E-03,4.88E-03,Table 16,37,17
MD177,3.736,98.686,0.849,2.242,1.177,5.919,1.45E-03,2.32E-03,Table 16,37,18
MD178,3.742,98.700,1.087,5.604,0.92,28.89,7.00E-03,1.13E-02,Table 16,37,19
MD184,3.755,98.679,0.797,4.441,1.254,24.73,7.00E-03,9.70E-03,Table 16,37,20
MD185,3.753,98.690,0.693,6.312,1.443,57.51,1.00E-02,2.26E-02,Table 16,37,21
MD186,3.754,98.697,0.701,4.761,1.426,32.33,7.00E-03,1.27E-02,Table 16,37,22
MD124,3.638,98.687,1.144,1.457,0.874,1.856,4.55E-04,7.28E-04,Table 16,38,1
MD125,3.651,98.660,0.419,3.215,2.386,24.66,6.05E-03,9.67E-03,Table 16,38,2
MD126,3.651,98.669,0.126,6.011,7.929,286.5,7.02E-02,1.12E-01,Table 16,38,3
MD127,3.651,98.678,1.163,1.495,0.86,1.921,4.71E-04,7.53E-04,Table 16,38,4
MD128,3.651,98.687,1.067,1.489,0.937,2.079,5.10E-04,8.15E-04,Table 16,38,5
MD129,3.651,98.696,0.949,1.255,1.053,1.659,4.07E-04,6.51E-04,Table 16,38,6
MD130,3.664,98.660,0.177,16.22,5.649,1486,3.64E-01,5.83E-01,Table 16,38,7
MD131,3.664,98.669,0.8,3.178,1.25,12.62,5.00E-03,4.95E-03,Table 16,38,8
MD132,3.664,98.678,1.123,2.704,0.89,6.511,1.60E-03,2.55E-03,Table 16,38,9
MD133,3.664,98.687,1.032,1.349,0.969,1.762,4.32E-04,6.91E-04,Table 16,38,10
MD135,3.677,98.660,1.139,1.88,0.878,3.101,5.00E-04,1.22E-03,Table 16,38,11
MD136,3.677,98.669,0.849,3.199,1.178,12.06,3.00E-03,4.73E-03,Table 16,38,12
MD141,3.694,98.673,0.846,4.094,1.182,19.81,5.00E-03,7.77E-03,Table 16,38,13
MD142,3.690,98.679,0.824,1.949,1.213,4.607,3.00E-03,1.81E-03,Table 16,38,14
MD91,3.599,98.615,3.225,2.188,0.31,1.484,3.64E-04,5.82E-04,Table 16,39,1
MD92,3.599,98.624,1.246,1.611,0.802,2.083,5.11E-04,8.17E-04,Table 16,39,2
MD93,3.599,98.633,1.6,1.339,0.625,1.121,2.75E-04,4.40E-04,Table 16,39,3
MD94,3.599,98.642,2.369,1.103,0.422,0.513,1.26E-04,2.01E-04,Table 16,39,4
MD105,3.612,98.606,1.258,2.123,0.795,3.583,8.78E-04,1.41E-03,Table 16,39,5
MD106,3.612,98.615,1.259,1.66,0.794,2.187,5.36E-04,8.58E-04,Table 16,39,6
MD107,3.612,98.624,1.42,1.562,0.704,1.719,4.21E-04,6.74E-04,Table 16,39,7
MD108,3.612,98.633,0.432,3.883,2.317,34.94,8.57E-03,1.37E-02,Table 16,39,8
MD109,3.612,98.642,0.402,3.071,2.489,23.47,5.75E-03,9.21E-03,Table 16,39,9
MD110,3.612,98.651,0.261,7.179,3.834,197.6,4.84E-02,7.75E-02,Table 16,39,10
MD111,3.612,98.660,1.288,1.044,0.776,0.846,2.07E-04,3.32E-04,Table 16,39,11
MD97,3.599,98.670,2.734,1.271,0.366,0.591,1.45E-04,2.32E-04,Table 16,40,1
MD112,3.612,98.668,1.175,1.281,0.851,1.398,3.43E-04,5.48E-04,Table 16,40,2
MD122,3.638,98.669,0.187,5.691,5.358,173.5,4.25E-02,6.81E-02,Table 16,40,3
MD98,3.599,98.679,1.333,1.518,0.75,1.729,4.24E-04,6.78E-04,Table 16,41,1
MD99,3.599,98.688,0.187,4.008,5.346,85.86,2.10E-02,3.37E-02,Table 16,41,2
MD113,3.612,98.678,1.223,1.304,0.818,1.39,3.41E-04,5.45E-04,Table 16,41,3
MD118,3.625,98.678,0.775,3.135,1.29,12.67,3.11E-03,4.97E-03,Table 16,41,4
MD119,3.625,98.687,0.754,2.746,1.326,9.996,2.45E-03,3.92E-03,Table 16,41,5
MD123,3.638,98.678,2.787,1.059,0.359,0.402,9.86E-05,1.58E-04,Table 16,41,6
MD100,3.599,98.696,0.523,4.46,1.912,38.04,9.33E-03,1.49E-02,Table 16,42,1
MD101,3.599,98.705,0.271,2.046,3.684,15.41,3.78E-03,6.05E-03,Table 16,42,2
MD114,3.612,98.687,0.89,2.326,1.124,6.078,1.49E-03,2.38E-03,Table 16,42,3
MD103,3.599,98.722,1.264,1.293,0.791,1.323,3.24E-04,5.19E-04,Table 16,43,1
MD104,3.622,98.699,1.154,1.221,0.867,1.292,3.17E-04,5.07E-04,Table 16,43,2
MD115,3.611,98.697,0.641,1.778,1.561,4.933,1.21E-03,1.93E-03,Table 16,43,3
MD116,3.612,98.704,0.5,2.03,2.001,8.247,2.02E-03,3.24E-03,Table 16,43,4
MD120,3.625,98.696,1.143,1.556,0.875,2.119,5.20E-04,8.31E-04,Table 16,43,5
MD121,3.625,98.705,1.187,1.267,0.843,1.352,3.32E-04,5.31E-04,Table 16,43,6
MD81,3.622,98.899,1.317,2.219,0.759,3.74,9.17E-04,1.47E-03,Table 16,44,1
MD82,3.586,98.651,1.312,1.646,0.762,2.064,5.06E-04,8.10E-04,Table 16,44,2
MD83,3.586,98.660,1.545,0.998,0.647,0.645,1.58E-04,2.53E-04,Table 16,44,3
MD84,3.585,98.670,2.59,0.832,0.386,0.268,6.56E-05,1.05E-04,Table 16,44,4
MD85,3.585,98.677,1.367,1.256,0.731,1.154,2.83E-04,4.52E-04,Table 16,44,5
MD95,3.599,98.651,0.611,2.274,1.637,8.468,2.08E-03,3.32E-03,Table 16,44,6
MD96,3.599,98.660,1.342,1.298,0.745,1.256,3.08E-04,4.93E-04,Table 16,44,7
MD63,3.573,98.615,2.624,0.93,0.381,0.33,8.08E-05,1.29E-04,Table 16,45,1
MD64,3.573,98.625,2.645,1.254,0.378,0.595,1.46E-04,2.33E-04,Table 16,45,2
MD65,3.573,98.633,2.57,1.561,0.389,0.948,2.32E-04,3.72E-04,Table 16,45,3
MD66,3.573,98.642,3.233,1.712,0.309,0.907,2.22E-04,3.56E-04,Table 16,45,4
MD77,3.586,98.606,3.495,2.249,0.286,1.447,3.55E-04,5.68E-04,Table 16,45,5
MD78,3.586,98.615,2.489,1.404,0.402,0.792,1.94E-04,3.11E-04,Table 16,45,6
MD79,3.586,98.624,1.444,1.498,0.692,1.554,3.81E-04,6.09E-04,Table 16,45,7
MD80,3.586,98.633,1.274,1.766,0.785,2.448,6.00E-04,9.60E-04,Table 16,45,8
MD90,3.599,98.606,1.253,1.425,0.798,1.622,3.98E-04,6.36E-04,Table 16,45,9
MD55,3.561,98.660,1.385,1.707,0.722,2.104,5.16E-04,8.25E-04,Table 16,46,1
MD68,3.573,98.660,1.207,1.334,0.829,1.475,3.62E-04,5.79E-04,Table 16,46,2
MD68,3.573,98.660,3.668,0.67,0.273,0.123,3.00E-05,4.81E-05,Table 16,46,3
MD43,3.547,98.669,1.725,1.232,0.58,0.88,2.16E-04,3.45E-04,Table 16,47,1
MD44,3.546,98.679,3.986,1.091,0.251,0.299,7.32E-05,1.17E-04,Table 16,47,2
MD56,3.560,98.667,1.416,1.568,0.706,1.737,4.26E-04,6.81E-04,Table 16,47,3
MD57,3.560,98.678,2.641,0.89,0.379,0.3,7.36E-05,1.18E-04,Table 16,47,4
MD69,3.572,98.669,1.288,1.641,0.776,2.09,5.12E-04,8.20E-04,Table 16,47,5
MD45,3.547,98.686,0.682,2.614,1.466,10.02,2.46E-03,3.93E-03,Table 16,48,1
MD58,3.559,98.687,2.161,2.305,0.463,2.459,6.03E-04,9.64E-04,Table 16,48,2
MD70,3.574,98.678,1.583,1.357,0.632,1.163,2.85E-04,4.56E-04,Table 16,48,3
MD59,3.560,98.696,1.025,1.174,0.975,1.343,3.29E-04,5.27E-04,Table 16,49,1
MD71,3.575,98.687,3.416,1.499,0.293,0.658,1.61E-04,2.58E-04,Table 16,49,2
MD86,3.586,98.687,0.127,3.479,7.861,95.13,2.33E-02,3.73E-02,Table 16,49,3
MD72,3.573,98.696,0.605,2.274,1.652,8.538,2.09E-03,3.35E-03,Table 16,50,1
MD73,3.572,98.705,3.951,1.069,0.253,0.289,7.09E-05,1.13E-04,Table 16,50,2
MD74,3.573,98.714,1.369,1.36,0.73,1.35,3.31E-04,5.30E-04,Table 16,50,3
MD87,3.586,98.696,0.12,8.785,8.307,641.2,1.57E-01,2.52E-01,Table 16,50,4
MD88,3.586,98.705,0.126,6.489,7.956,335,8.21E-02,1.31E-01,Table 16,50,5
MD60,3.560,98.705,10.34,1.653,0.097,0.264,6.48E-05,1.04E-04,Table 16,51,1
MD61,3.558,98.715,1.353,1.4,0.739,1.45,3.56E-04,5.69E-04,Table 16,51,2
MD62,3.561,98.724,1.709,2.011,0.585,2.365,5.80E-04,9.28E-04,Table 16,51,3
MD75,3.573,98.723,1.361,1.371,0.734,1.381,3.39E-04,5.42E-04,Table 16,51,4
MD76,3.572,98.732,3.612,0.685,0.277,0.13,3.18E-05,5.09E-05,Table 16,51,5
MD89,3.586,98.714,1.286,1.688,0.778,2.215,5.43E-04,8.69E-04,Table 16,51,6
MD21,3.533,98.615,3.603,1.914,0.278,1.017,2.49E-04,3.99E-04,Table 16,52,1
MD22,3.534,98.625,4.126,1.854,0.242,0.833,2.04E-04,3.27E-04,Table 16,52,2
MD23,3.534,98.633,2.901,2.085,0.345,1.499,3.68E-04,5.88E-04,Table 16,52,3
MD24,3.534,98.641,2.173,2.663,0.46,3.264,8.00E-04,1.28E-03,Table 16,52,4
MD38,3.546,98.624,2.448,1.594,0.409,1.038,2.55E-04,4.07E-04,Table 16,52,5
MD39,3.546,98.633,3.168,1.135,0.316,0.406,9.96E-05,1.59E-04,Table 16,52,6
MD40,3.546,98.642,3.41,2.744,0.293,2.208,5.41E-04,8.66E-04,Table 16,52,7
MD41,3.546,98.650,3.012,2.184,0.332,1.584,3.88E-04,6.21E-04,Table 16,52,8
MD42,3.547,98.660,3.801,1.603,0.263,0.676,1.66E-04,2.65E-04,Table 16,52,9
MD50,3.560,98.615,4.337,1.721,0.231,0.683,1.67E-04,2.68E-04,Table 16,52,10
MD51,3.560,98.624,3.276,2.364,0.305,1.706,4.18E-04,6.69E-04,Table 16,52,11
MD52,3.560,98.633,2.83,1.858,0.353,1.219,2.99E-04,4.78E-04,Table 16,52,12
MD53,3.560,98.642,2.696,1.837,0.371,1.251,3.07E-04,4.91E-04,Table 16,52,13
MD54,3.560,98.651,2.293,1.786,0.436,1.391,3.41E-04,5.46E-04,Table 16,52,14
MD67,3.573,98.651,1.414,1.605,0.707,1.822,4.47E-04,7.15E-04,Table 16,52,15
MD15,3.521,98.651,2.576,3.241,0.388,4.078,1.00E-03,1.60E-03,Table 16,53,1
MD16,3.521,98.661,3.139,2.285,0.319,1.663,4.08E-04,6.52E-04,Table 16,53,2
MD17,3.521,98.670,3.186,2.358,0.314,1.745,4.28E-04,6.85E-04,Table 16,53,3
MD18,3.521,98.678,4.435,1.443,0.225,0.469,1.15E-04,1.84E-04,Table 16,53,4
MD19,3.519,98.687,2.623,2.306,0.381,2.026,4.97E-04,7.95E-04,Table 16,53,5
MD25,3.535,98.651,2.458,2.013,0.407,1.648,4.04E-04,6.47E-04,Table 16,53,6
MD26,3.533,98.659,3.294,2.277,0.304,1.574,3.86E-04,6.17E-04,Table 16,53,7
MD27,3.533,98.669,2.982,1.79,0.335,1.075,2.63E-04,4.22E-04,Table 16,53,8
MD28,3.533,98.680,3.839,1.257,0.26,0.412,1.01E-04,1.62E-04,Table 16,53,9
MD29,3.534,98.687,3.203,2.273,0.312,1.613,3.95E-04,6.33E-04,Table 16,53,10
MD30,3.534,98.696,0.668,1.271,1.497,2.418,5.93E-04,9.49E-04,Table 16,54,1
MD31,3.534,98.705,2.718,0.99,0.368,0.361,8.84E-05,1.41E-04,Table 16,54,2
MD32,3.533,98.714,1.297,1.64,0.771,2.074,5.08E-04,8.13E-04,Table 16,54,3
MD33,3.538,98.723,5.347,1.17,0.187,0.256,6.28E-05,1.00E-04,Table 16,54,4
MD34,3.533,98.732,3.049,1.755,0.328,1.01,2.48E-04,3.96E-04,Table 16,54,5
MD35,3.534,98.741,4.21,1.025,0.238,0.25,6.12E-05,9.79E-05,Table 16,54,6
MD46,3.546,98.695,0.606,1.574,1.65,4.086,1.00E-03,1.60E-03,Table 16,54,7
MD47,3.546,98.705,1.073,1.903,0.932,3.374,8.27E-04,1.32E-03,Table 16,54,8
MD48,3.547,98.714,3.138,0.844,0.319,0.227,5.56E-05,8.90E-05,Table 16,54,9
MD49,3.547,98.723,3.386,1.884,0.295,1.048,2.57E-04,4.11E-04,Table 16,54,10
MD1,3.493,98.397,2.573,1.596,0.389,0.99,2.43E-04,3.88E-04,Table 16,55,1
MD2,3.495,98.606,2.886,5.646,0.347,11.05,2.71E-03,4.33E-03,Table 16,55,2
MD3,3.495,98.606,2.897,2.163,0.345,1.614,3.96E-04,6.33E-04,Table 16,55,3
MD4,3.507,98.607,2.66,9.645,0.376,34.97,8.57E-03,1.37E-02,Table 16,55,4
MD5,3.508,98.614,3.379,0.541,0.296,0.087,2.12E-05,3.39E-05,Table 16,55,5
MD6,3.510,98.630,2.954,2.855,0.339,2.76,6.77E-04,1.08E-03,Table 16,55,6
MD7,3.507,98.633,3.065,1.955,0.326,1.247,3.06E-04,4.89E-04,Table 16,55,7
MD8,3.508,98.642,2.836,1.94,0.353,1.327,3.25E-04,5.21E-04,Table 16,55,8
MD9,3.508,98.649,2.581,2.369,0.387,2.174,5.33E-04,8.53E-04,Table 16,55,9
MD10,3.521,98.607,2.833,4.235,0.353,6.332,1.55E-03,2.48E-03,Table 16,55,10
MD11,3.522,98.616,2.833,4.235,0.353,6.332,1.55E-03,2.48E-03,Table 16,55,11
MD12,3.522,98.624,3.137,1.79,0.319,1.022,2.50E-04,4.01E-04,Table 16,55,12
MD14,3.522,98.641,2.994,2.726,0.334,2.483,6.09E-04,9.74E-04,Table 16,55,13
MD20,3.534,98.606,11.02,5.414,0.091,2.66,6.52E-04,1.04E-03,Table 16,55,14
MD36,3.547,98.606,2.975,2.447,0.336,2.012,4.93E-04,7.89E-04,Table 16,55,15
MD37,3.547,98.614,3.297,2.029,0.303,1.249,3.06E-04,4.90E-04,Table 16,55,16
